row_id,text,label,source,original_label
548,want assistance to speak to a live agent,HARD_QUESTION,Bitext Customer Support Intent Dataset,category=CONTACT; intent=contact_human_agent
1217,get me a picture of a horse,UNKNOWN,CLINC OOS Dataset (test),oos
1639,give me information about the deletion of a pro account,FAQ,Bitext Customer Support Intent Dataset,category=ACCOUNT; intent=delete_account
1604,change purchzse,ACCOUNT_OPS,Bitext Customer Support Intent Dataset,category=ORDER; intent=change_order
1766,"urgent! your mobile no xxxxxxxxx won a , bonus caller prize on //! this is the nd attempt to reach you! call asap! boxnqp, ppm",SPAM,UCI SMS Spam Collection,spam
268,give me a list of the biographies written by nyu professors after,UNKNOWN,CLINC OOS Dataset (test),oos
1253,can ya help me receive rebates,ACCOUNT_OPS,Bitext Customer Support Intent Dataset,category=REFUND; intent=get_refund
752,free entry into our weekly comp just send the word win to now. tc,SPAM,UCI SMS Spam Collection,spam
3047,i need to speak to customer service regarding my flight,UNKNOWN,CLINC OOS Dataset (train),oos
1448,"i have to see the eta of order , how to do it?",ACCOUNT_OPS,Bitext Customer Support Intent Dataset,category=ORDER; intent=track_order
1643,i want help to check in which cases can i ask for a refund,ACCOUNT_OPS,Bitext Customer Support Intent Dataset,category=REFUND; intent=check_refund_policy
139,is it possible to giev a quick look at the bill ?,ACCOUNT_OPS,Bitext Customer Support Intent Dataset,category=INVOICE; intent=check_invoice
205,please call our customer service representative on freephone between am-pm as you have won a guaranteed cash or prize!,SPAM,UCI SMS Spam Collection,spam
2143,can you help me creating a standard account for my daughter?,FAQ,Bitext Customer Support Intent Dataset,category=ACCOUNT; intent=create_account
61,wanna know about canceling the newsletter subscription,ACCOUNT_OPS,Bitext Customer Support Intent Dataset,category=SUBSCRIPTION; intent=newsletter_subscription
957,i need hepl to report an error with online payment,ACCOUNT_OPS,Bitext Customer Support Intent Dataset,category=PAYMENT; intent=payment_issue
1645,i do not know how i can retrieve my goddamn user pin code,FAQ,Bitext Customer Support Intent Dataset,category=ACCOUNT; intent=recover_password
1026,i try to check at what time i can contact customer support,HARD_QUESTION,Bitext Customer Support Intent Dataset,category=CONTACT; intent=contact_customer_service
33,i need to see in what situations can i ask to be reimbursed,ACCOUNT_OPS,Bitext Customer Support Intent Dataset,category=REFUND; intent=check_refund_policy
984,i don't know what i need to do to speak with a human agent,HARD_QUESTION,Bitext Customer Support Intent Dataset,category=CONTACT; intent=contact_human_agent
887,were do i see at what time i can reach customer service?,HARD_QUESTION,Bitext Customer Support Intent Dataset,category=CONTACT; intent=contact_customer_service
2068,i do not know how to close a standard account,FAQ,Bitext Customer Support Intent Dataset,category=ACCOUNT; intent=delete_account
947,i'd like to chat withan assistant,HARD_QUESTION,Bitext Customer Support Intent Dataset,category=CONTACT; intent=contact_human_agent
1175,"i need to check how long the shipment takes, how do i do it?",FAQ,Bitext Customer Support Intent Dataset,category=DELIVERY; intent=delivery_period
211,i'd like to update the fucking data on my user profile,FAQ,Bitext Customer Support Intent Dataset,category=ACCOUNT; intent=edit_account
2142,"double mins txts on orange tariffs. latest motorola, sonyericsson nokia with bluetooth free! call mobileupd on or calloptout/hf",SPAM,UCI SMS Spam Collection,spam
1389,what do i need to do to obtain reimbursements of my money,ACCOUNT_OPS,Bitext Customer Support Intent Dataset,category=REFUND; intent=get_refund
1117,how many people died in yesterday's storm,UNKNOWN,CLINC OOS Dataset (test),oos
2010,need help to edit order,ACCOUNT_OPS,Bitext Customer Support Intent Dataset,category=ORDER; intent=change_order
623,i try to talk to customer support,HARD_QUESTION,Bitext Customer Support Intent Dataset,category=CONTACT; intent=contact_customer_service
1924,call listen to extreme dirty live chat going on in the office right now total privacy no one knows your [sic] listening p min /mp,SPAM,UCI SMS Spam Collection,spam
2444,want help talking to customer service,HARD_QUESTION,Bitext Customer Support Intent Dataset,category=CONTACT; intent=contact_customer_service
1991,st wk free! gr tones str u each wk. txt nokia on to for classic nokia tones or hit on to for polys. nokia/p poly/p,SPAM,UCI SMS Spam Collection,spam
1290,you will recieve your tone within the next hrs. for terms and conditions please see channel u teletext pg,SPAM,UCI SMS Spam Collection,spam
1694,what kind of bonds do molecules have,UNKNOWN,CLINC OOS Dataset (test),oos
1877,sports fans - get the latest sports news str ur mobile wk free plus a free tone txt sport on to norm txt/p,SPAM,UCI SMS Spam Collection,spam
1957,i dont know what i have to do to download the bill,ACCOUNT_OPS,Bitext Customer Support Intent Dataset,category=INVOICE; intent=get_invoice
2510,i need help purchasing several items,ACCOUNT_OPS,Bitext Customer Support Intent Dataset,category=ORDER; intent=place_order
2873,i don't know how i can contact an sasistant,HARD_QUESTION,Bitext Customer Support Intent Dataset,category=CONTACT; intent=contact_human_agent
1593,i have old model car,UNKNOWN,CLINC OOS Dataset (train),oos
270,please call amanda with regard to renewing or upgrading your current t-mobile handset free of charge. offer ends today. tel subject to t's and c's,SPAM,UCI SMS Spam Collection,spam
1975,i have an error trying to correct my address,FAQ,Bitext Customer Support Intent Dataset,category=SHIPPING; intent=change_shipping_address
96,i watn help purchasing a product,ACCOUNT_OPS,Bitext Customer Support Intent Dataset,category=ORDER; intent=place_order
199,i want assistance to see the options for shipment,FAQ,Bitext Customer Support Intent Dataset,category=DELIVERY; intent=delivery_options
3244,how do i check what hours customer service available is?,HARD_QUESTION,Bitext Customer Support Intent Dataset,category=CONTACT; intent=contact_customer_service
113,i have to add an item to purchase,ACCOUNT_OPS,Bitext Customer Support Intent Dataset,category=ORDER; intent=change_order
2540,"urgent! your mobile no xxx won a , bonus caller prize on //! this is the nd attempt to reach you! call asap! boxnqp, ppm",SPAM,UCI SMS Spam Collection,spam
3046,wanna contact an assistant,HARD_QUESTION,Bitext Customer Support Intent Dataset,category=CONTACT; intent=contact_human_agent
474,i'm calling to see the shipment methods,FAQ,Bitext Customer Support Intent Dataset,category=DELIVERY; intent=delivery_options
1141,"new mobiles from , must go! txt: nokia to no: collect yours today!from only optout .gbp/mtmsg txtauction",SPAM,UCI SMS Spam Collection,spam
3419,eta of oorder,ACCOUNT_OPS,Bitext Customer Support Intent Dataset,category=ORDER; intent=track_order
856,can uhelp me to cancel purchase,ACCOUNT_OPS,Bitext Customer Support Intent Dataset,category=ORDER; intent=cancel_order
908,can you tell me who else is on my account,UNKNOWN,CLINC OOS Dataset (train),oos
1787,i dont know how i can talk to customer service,HARD_QUESTION,Bitext Customer Support Intent Dataset,category=CONTACT; intent=contact_customer_service
2572,"i am very unsatisfied with your work, make a fucking claim",FAQ,Bitext Customer Support Intent Dataset,category=FEEDBACK; intent=complaint
2561,summers finally here! fancy a chat or flirt with sexy singles in yr area? to get matched up just reply summer now. free join. optout txt stop help,SPAM,UCI SMS Spam Collection,spam
150,dating:i have had two of these. only started after i sent a text to talk sport radio last week. any connection do you think or coincidence?,SPAM,UCI SMS Spam Collection,spam
1635,"i have got to correct the data on my account, help me",FAQ,Bitext Customer Support Intent Dataset,category=ACCOUNT; intent=edit_account
2477,i need assistance contacting an goddamn assistant,HARD_QUESTION,Bitext Customer Support Intent Dataset,category=CONTACT; intent=contact_human_agent
788,can uhelp me speak tyo somebody,HARD_QUESTION,Bitext Customer Support Intent Dataset,category=CONTACT; intent=contact_human_agent
2596,i want assitsance contacting somebody,HARD_QUESTION,Bitext Customer Support Intent Dataset,category=CONTACT; intent=contact_human_agent
973,can you identify between poisonous and nonpoisonous mushroom,UNKNOWN,CLINC OOS Dataset (train),oos
3376,i have to see in which cases can i request a refund,ACCOUNT_OPS,Bitext Customer Support Intent Dataset,category=REFUND; intent=check_refund_policy
170,i am trying to see your allowed payment methods,ACCOUNT_OPS,Bitext Customer Support Intent Dataset,category=PAYMENT; intent=check_payment_methods
1734,i have got to inform of issues with payments,ACCOUNT_OPS,Bitext Customer Support Intent Dataset,category=PAYMENT; intent=payment_issue
3002,ya have a free of charge customer support number,HARD_QUESTION,Bitext Customer Support Intent Dataset,category=CONTACT; intent=contact_customer_service
1868,need help shopping a few of ur item,ACCOUNT_OPS,Bitext Customer Support Intent Dataset,category=ORDER; intent=place_order
2903,how do you make sure a bridge doesn't fall down,UNKNOWN,CLINC OOS Dataset (test),oos
522,uhave a free number to speak to customer service,HARD_QUESTION,Bitext Customer Support Intent Dataset,category=CONTACT; intent=contact_customer_service
3158,create a pamphlet on albert einsteins childhood,UNKNOWN,CLINC OOS Dataset (test),oos
750,can uhelp me looking for the bills from,ACCOUNT_OPS,Bitext Customer Support Intent Dataset,category=INVOICE; intent=check_invoice
840,i don't know how i can speak wih customer service,HARD_QUESTION,Bitext Customer Support Intent Dataset,category=CONTACT; intent=contact_customer_service
2694,could you tell me at what time i can reach customer support?,HARD_QUESTION,Bitext Customer Support Intent Dataset,category=CONTACT; intent=contact_customer_service
2779,i want assistance to change the address,FAQ,Bitext Customer Support Intent Dataset,category=SHIPPING; intent=change_shipping_address
585,please find today's most read stories from the new york times todayi,UNKNOWN,CLINC OOS Dataset (test),oos
3111,txt: call to no: claim your reward of hours talk time to use from your phone now! subscribegbp/mnth inc hrs stop?txtstop,SPAM,UCI SMS Spam Collection,spam
1885,i need help talking with a human agent,HARD_QUESTION,Bitext Customer Support Intent Dataset,category=CONTACT; intent=contact_human_agent
2745,"i have to speak to customer support, how can i do it?",HARD_QUESTION,Bitext Customer Support Intent Dataset,category=CONTACT; intent=contact_customer_service
2354,u have a secret admirer who is looking make contact with u-find out who they rreveal who thinks ur so special-call on -stopsms-,SPAM,UCI SMS Spam Collection,spam
1609,speak to assistant,HARD_QUESTION,Bitext Customer Support Intent Dataset,category=CONTACT; intent=contact_human_agent
2047,"thanks for your ringtone order, reference number x.your mobile will be charged .. should your tone not arrive please call customer services",SPAM,UCI SMS Spam Collection,spam
326,i need to see the current status of my refund,ACCOUNT_OPS,Bitext Customer Support Intent Dataset,category=REFUND; intent=track_refund
2409,refused a loan? secured or unsecured? can't get credit? call free now or text back 'help' we will!,SPAM,UCI SMS Spam Collection,spam
416,"rock yr chik. get 's of filthy films xxx pics on yr phone now. rply filth to . saristar ltd, e yt . p per days. stop cancel",SPAM,UCI SMS Spam Collection,spam
2311,"i want to order a few of your product, can i get some help?",ACCOUNT_OPS,Bitext Customer Support Intent Dataset,category=ORDER; intent=place_order
1813,where was john denver born,UNKNOWN,CLINC OOS Dataset (train),oos
1676,how do i check what hours i can call customer support,HARD_QUESTION,Bitext Customer Support Intent Dataset,category=CONTACT; intent=contact_customer_service
3255,congratulations ur awarded either of cd gift vouchers free entry our weekly draw txt music to tncs winppmxage,SPAM,UCI SMS Spam Collection,spam
1525,i do not know how to speak with someone,HARD_QUESTION,Bitext Customer Support Intent Dataset,category=CONTACT; intent=contact_human_agent
471,show me the top quotes by mark twain,UNKNOWN,CLINC OOS Dataset (test),oos
1041,what were some of ben franklin's notable accomplishments,UNKNOWN,CLINC OOS Dataset (train),oos
804,can i speak with a person ?,HARD_QUESTION,Bitext Customer Support Intent Dataset,category=CONTACT; intent=contact_human_agent
1425,need assistance creating a freemium account,FAQ,Bitext Customer Support Intent Dataset,category=ACCOUNT; intent=create_account
508,i cant retrieve my pass,FAQ,Bitext Customer Support Intent Dataset,category=ACCOUNT; intent=recover_password
1854,ringtone club: gr new polys direct to your mobile every week !,SPAM,UCI SMS Spam Collection,spam
3240,is there an e-mail to submit some feedback for a product,FAQ,Bitext Customer Support Intent Dataset,category=FEEDBACK; intent=review
397,speaking with assistant,HARD_QUESTION,Bitext Customer Support Intent Dataset,category=CONTACT; intent=contact_human_agent
545,i need help to look for the bill,ACCOUNT_OPS,Bitext Customer Support Intent Dataset,category=INVOICE; intent=check_invoice
454,assistance informing of an issue with registrations,FAQ,Bitext Customer Support Intent Dataset,category=ACCOUNT; intent=registration_problems
653,need assistance with opening a account,FAQ,Bitext Customer Support Intent Dataset,category=ACCOUNT; intent=create_account
565,modify order,ACCOUNT_OPS,Bitext Customer Support Intent Dataset,category=ORDER; intent=change_order
78,help me canceling purchase,ACCOUNT_OPS,Bitext Customer Support Intent Dataset,category=ORDER; intent=cancel_order
2727,i need assistance checking when my item is going to arrive,FAQ,Bitext Customer Support Intent Dataset,category=DELIVERY; intent=delivery_period
2961,update inforemation on account,FAQ,Bitext Customer Support Intent Dataset,category=ACCOUNT; intent=edit_account
3293,i have got to contact a human agent,HARD_QUESTION,Bitext Customer Support Intent Dataset,category=CONTACT; intent=contact_human_agent
3341,i'm trying to recover the pwd of my use,FAQ,Bitext Customer Support Intent Dataset,category=ACCOUNT; intent=recover_password
3204,check at what time i can call customer support,HARD_QUESTION,Bitext Customer Support Intent Dataset,category=CONTACT; intent=contact_customer_service
2166,please book another boat for this weekends trip,UNKNOWN,CLINC OOS Dataset (test),oos
2480,when should you use a dry cleaner,UNKNOWN,CLINC OOS Dataset (test),oos
1837,help using the account,FAQ,Bitext Customer Support Intent Dataset,category=ACCOUNT; intent=switch_account
1901,private! your account statement for shows un-redeemed s. i. m. points. call identifier code: expires //,SPAM,UCI SMS Spam Collection,spam
1809,when was hulu created,UNKNOWN,CLINC OOS Dataset (train),oos
2380,create freemium account for wife,FAQ,Bitext Customer Support Intent Dataset,category=ACCOUNT; intent=create_account
1391,can i see at what time i can reach customer support ?,HARD_QUESTION,Bitext Customer Support Intent Dataset,category=CONTACT; intent=contact_customer_service
988,sms auction you have won a nokia i. this is what you get when you win our free auction. to take part send nokia to now. hg/suite/lands row/wjhl,SPAM,UCI SMS Spam Collection,spam
2818,i am trying to see the payment options,ACCOUNT_OPS,Bitext Customer Support Intent Dataset,category=PAYMENT; intent=check_payment_methods
996,close platinum account,FAQ,Bitext Customer Support Intent Dataset,category=ACCOUNT; intent=delete_account
1893,i dont know how i can see my bill from,ACCOUNT_OPS,Bitext Customer Support Intent Dataset,category=INVOICE; intent=check_invoice
767,how do i change my flight,UNKNOWN,CLINC OOS Dataset (train),oos
749,"if you don't, your prize will go to another customer. tc at p/min polo ltd suite london wj hl please call back if busy",SPAM,UCI SMS Spam Collection,spam
2096,i want help to order several of your item,ACCOUNT_OPS,Bitext Customer Support Intent Dataset,category=ORDER; intent=place_order
1883,"hi, the sexychat girls are waiting for you to text them. text now for a great night chatting. send stop to stop this service",SPAM,UCI SMS Spam Collection,spam
6,i want help chatting with a human gaent,HARD_QUESTION,Bitext Customer Support Intent Dataset,category=CONTACT; intent=contact_human_agent
1446,new textbuddy chat horny guys in ur area just p free receive search postcode or at gaytextbuddy.com. txt one name to,SPAM,UCI SMS Spam Collection,spam
882,where is the closest architecture college,UNKNOWN,CLINC OOS Dataset (test),oos
403,how to shop several of you article?,ACCOUNT_OPS,Bitext Customer Support Intent Dataset,category=ORDER; intent=place_order
3366,"i have got to talk to bloody customer support, i need help",HARD_QUESTION,Bitext Customer Support Intent Dataset,category=CONTACT; intent=contact_customer_service
615,can a samurai sword deflect a bullet,UNKNOWN,CLINC OOS Dataset (test),oos
1889,need help speaking with an agent,HARD_QUESTION,Bitext Customer Support Intent Dataset,category=CONTACT; intent=contact_human_agent
1755,help to speak with customer support,HARD_QUESTION,Bitext Customer Support Intent Dataset,category=CONTACT; intent=contact_customer_service
2763,how can i get information about my pro account deletion,FAQ,Bitext Customer Support Intent Dataset,category=ACCOUNT; intent=delete_account
2081,what other personality type is most compatible with infjs,UNKNOWN,CLINC OOS Dataset (train),oos
1207,"urgent! please call from your landline, your complimentary lux costa del sol holiday or cash await collection. ppm sae tcs james , ehrr",SPAM,UCI SMS Spam Collection,spam
1398,what do i need to do to buy a product,ACCOUNT_OPS,Bitext Customer Support Intent Dataset,category=ORDER; intent=place_order
99,is it possible to change order ?,ACCOUNT_OPS,Bitext Customer Support Intent Dataset,category=ORDER; intent=change_order
2613,restart my newspaper delivery for monday,UNKNOWN,CLINC OOS Dataset (test),oos
1656,<forwarded from >hi - this is your mailbox messaging sms alert. you have matches. please call back on to retrieve your messages and matches ccp/min,SPAM,UCI SMS Spam Collection,spam
102,"urgent! please call . your abta complimentary spanish holiday or , cash await collection sae tcs box po ez ppm",SPAM,UCI SMS Spam Collection,spam
3364,can uhelp me use the standard profile,FAQ,Bitext Customer Support Intent Dataset,category=ACCOUNT; intent=switch_account
142,i try to set up a shipping address,FAQ,Bitext Customer Support Intent Dataset,category=SHIPPING; intent=set_up_shipping_address
2233,assistance to submit a different shipping address,FAQ,Bitext Customer Support Intent Dataset,category=SHIPPING; intent=set_up_shipping_address
3197,help to see at what time customer support available is,HARD_QUESTION,Bitext Customer Support Intent Dataset,category=CONTACT; intent=contact_customer_service
3317,watch the fbi,UNKNOWN,CLINC OOS Dataset (test),oos
2977,"hi babe its jordan, how r u? im home from abroad and lonely, text me back if u wanna chat xxsp visionsms.com text stop to stopcost p",SPAM,UCI SMS Spam Collection,spam
2493,i want assistance checking the withdrawal penalties,FAQ,Bitext Customer Support Intent Dataset,category=CANCEL; intent=check_cancellation_fee
1900,ur tonexs subscription has been renewed and you have been charged .. you can choose more polys this month. billing msg,SPAM,UCI SMS Spam Collection,spam
2851,can you tell me the latest georgia news,UNKNOWN,CLINC OOS Dataset (validation),oos
2799,i need to talk with bloody customer support,HARD_QUESTION,Bitext Customer Support Intent Dataset,category=CONTACT; intent=contact_customer_service
1769,congratulations u can claim vip row a tickets c blu in concert in november or blu gift guaranteed call to claim tscs cost.max,SPAM,UCI SMS Spam Collection,spam
2489,what does my personality mean,UNKNOWN,CLINC OOS Dataset (train),oos
485,how do i turn up the resolution that i am taking pictures in on my camera phone,UNKNOWN,CLINC OOS Dataset (test),oos
2438,can uhelp me to talk to a person,HARD_QUESTION,Bitext Customer Support Intent Dataset,category=CONTACT; intent=contact_human_agent
1440,speaking to human agent,HARD_QUESTION,Bitext Customer Support Intent Dataset,category=CONTACT; intent=contact_human_agent
1014,can you help me to talk to a human agent?,HARD_QUESTION,Bitext Customer Support Intent Dataset,category=CONTACT; intent=contact_human_agent
1348,can you give me instructions for tattoo aftercare,UNKNOWN,CLINC OOS Dataset (train),oos
1089,i want to unsubscribe to your company newsletter,ACCOUNT_OPS,Bitext Customer Support Intent Dataset,category=SUBSCRIPTION; intent=newsletter_subscription
965,wanna know about cancel my company newsletter subscription,ACCOUNT_OPS,Bitext Customer Support Intent Dataset,category=SUBSCRIPTION; intent=newsletter_subscription
2212,we tried to contact you re your response to our offer of a new nokia fone and camcorder hit reply or call for delivery,SPAM,UCI SMS Spam Collection,spam
301,i try to edit the data on my user account,FAQ,Bitext Customer Support Intent Dataset,category=ACCOUNT; intent=edit_account
2382,"i need to see your money back policy, can you hep me?",ACCOUNT_OPS,Bitext Customer Support Intent Dataset,category=REFUND; intent=check_refund_policy
455,help to list the available payment modalities,ACCOUNT_OPS,Bitext Customer Support Intent Dataset,category=PAYMENT; intent=check_payment_methods
3259,how to cancel the subscription to your corporate newsletter?,ACCOUNT_OPS,Bitext Customer Support Intent Dataset,category=SUBSCRIPTION; intent=newsletter_subscription
827,transferring to operator,HARD_QUESTION,Bitext Customer Support Intent Dataset,category=CONTACT; intent=contact_human_agent
3015,tell me where to send my resume in order to get a job at delta airlines,UNKNOWN,CLINC OOS Dataset (test),oos
2622,what trees change color in autumn,UNKNOWN,CLINC OOS Dataset (train),oos
1338,can you see a hdmi cord,UNKNOWN,CLINC OOS Dataset (test),oos
3275,"i never use my account, i don't know how i can close it",FAQ,Bitext Customer Support Intent Dataset,category=ACCOUNT; intent=delete_account
2345,i do not know what i have to do to reset my profile pwd,FAQ,Bitext Customer Support Intent Dataset,category=ACCOUNT; intent=recover_password
1810,yes! the only place in town to meet exciting adult singles is now in the uk. txt chat to now! p/msg.,SPAM,UCI SMS Spam Collection,spam
2675,i don't know what i have to do to talk to someone,HARD_QUESTION,Bitext Customer Support Intent Dataset,category=CONTACT; intent=contact_human_agent
601,i want to check what delivery methods are available,FAQ,Bitext Customer Support Intent Dataset,category=DELIVERY; intent=delivery_options
1191,save money on wedding lingerie at choose from a superb selection with national delivery. brought to you by weddingfriend,SPAM,UCI SMS Spam Collection,spam
1223,"hi this is amy, we will be sending you a free phone number in a couple of days, which will give you an access to all the adult parties...",SPAM,UCI SMS Spam Collection,spam
1946,i have to get my nivoice could ya help me,ACCOUNT_OPS,Bitext Customer Support Intent Dataset,category=INVOICE; intent=get_invoice
1928,can you give me some stress management tips,UNKNOWN,CLINC OOS Dataset (test),oos
857,what size wipers does this car take,UNKNOWN,CLINC OOS Dataset (train),oos
1070,i am trying to change user,FAQ,Bitext Customer Support Intent Dataset,category=ACCOUNT; intent=switch_account
847,fill out the paperwork for tonys new daycare center,UNKNOWN,CLINC OOS Dataset (test),oos
1742,can ya direct to me an agent,HARD_QUESTION,Bitext Customer Support Intent Dataset,category=CONTACT; intent=contact_human_agent
2917,sell three calls of of nvda,UNKNOWN,CLINC OOS Dataset (test),oos
2120,private! your account statement for shows unredeemed bonus points. to claim call identifier code: expires,SPAM,UCI SMS Spam Collection,spam
1560,needx help to check the eta of purchase,ACCOUNT_OPS,Bitext Customer Support Intent Dataset,category=ORDER; intent=track_order
2045,show me what hours i can call customer support,HARD_QUESTION,Bitext Customer Support Intent Dataset,category=CONTACT; intent=contact_customer_service
3306,free unlimited hardcore porn direct your mobile txt porn to get free access for hrs then chrgdp per day txt stop exit. this msg is free,SPAM,UCI SMS Spam Collection,spam
2137,wanna modify purchase,ACCOUNT_OPS,Bitext Customer Support Intent Dataset,category=ORDER; intent=change_order
1444,d uship to,FAQ,Bitext Customer Support Intent Dataset,category=DELIVERY; intent=delivery_options
141,i want to talk with an assistant,HARD_QUESTION,Bitext Customer Support Intent Dataset,category=CONTACT; intent=contact_human_agent
278,how to contact an assistant?,HARD_QUESTION,Bitext Customer Support Intent Dataset,category=CONTACT; intent=contact_human_agent
1369,i want to download my invoices from,ACCOUNT_OPS,Bitext Customer Support Intent Dataset,category=INVOICE; intent=get_invoice
399,i have to open a premium account,FAQ,Bitext Customer Support Intent Dataset,category=ACCOUNT; intent=create_account
1638,give me information about the soviet union's participation in world war,UNKNOWN,CLINC OOS Dataset (train),oos
801,can i contact somebody?,HARD_QUESTION,Bitext Customer Support Intent Dataset,category=CONTACT; intent=contact_human_agent
3264,hgow can i inform of issues with payments?,ACCOUNT_OPS,Bitext Customer Support Intent Dataset,category=PAYMENT; intent=payment_issue
351,assistance checking the fucking early exit penalties,FAQ,Bitext Customer Support Intent Dataset,category=CANCEL; intent=check_cancellation_fee
1613,i do not know what i have to do to submit bloody feedback,FAQ,Bitext Customer Support Intent Dataset,category=FEEDBACK; intent=review
2278,find available letter writing classes at the local community college,UNKNOWN,CLINC OOS Dataset (test),oos
3114,need help speaking with a operator,HARD_QUESTION,Bitext Customer Support Intent Dataset,category=CONTACT; intent=contact_human_agent
2573,want help seeing how long refunds take,ACCOUNT_OPS,Bitext Customer Support Intent Dataset,category=REFUND; intent=check_refund_policy
3120,i want help seeing purchase curtent status,ACCOUNT_OPS,Bitext Customer Support Intent Dataset,category=ORDER; intent=track_order
2724,what is the amount of blood needed to stay alive,UNKNOWN,CLINC OOS Dataset (test),oos
2217,p alfie moon's children in need song on ur mob. tell ur ms. txt tone charity to for nokias or poly charity for polys: zed profit charity.,SPAM,UCI SMS Spam Collection,spam
445,can you help me calling customer support?,HARD_QUESTION,Bitext Customer Support Intent Dataset,category=CONTACT; intent=contact_customer_service
2468,why did negan return to his jail cell,UNKNOWN,CLINC OOS Dataset (test),oos
1615,customer loyalty offer:the new nokia mobile from only at txtauction! txt word: start to no: get yours now! tctxt tc p/mtmsg,SPAM,UCI SMS Spam Collection,spam
1869,"urgent! your mobile no was awarded a , bonus caller prize on //! this is our nd attempt to contact you! call -- boxqu",SPAM,UCI SMS Spam Collection,spam
1230,"think ur smart ? win this week in our weekly quiz, text play to now!tcs winnersclub po box , m uz. . gbp./week",SPAM,UCI SMS Spam Collection,spam
877,important information orange user xxxxxxx. today is your lucky day!find out why log onto there's a fantastic surprise awaiting you!,SPAM,UCI SMS Spam Collection,spam
1908,-pls stop bootydelious (/f) is inviting you to be her friend. reply yes- or no- see her: stop? send stop frnd to,SPAM,UCI SMS Spam Collection,spam
2488,can you tell me some fake news,UNKNOWN,CLINC OOS Dataset (validation),oos
1331,how can i repair a broken watch,UNKNOWN,CLINC OOS Dataset (test),oos
2894,how can i check if there is anything new on the restitution?,ACCOUNT_OPS,Bitext Customer Support Intent Dataset,category=REFUND; intent=track_refund
1115,get a brand new mobile phone by being an agent of the mob! plus loads more goodies! for more info just text mat to .,SPAM,UCI SMS Spam Collection,spam
291,i can't check the eta of the orfer,ACCOUNT_OPS,Bitext Customer Support Intent Dataset,category=ORDER; intent=track_order
2847,want help seeing the withdrawal charge,FAQ,Bitext Customer Support Intent Dataset,category=CANCEL; intent=check_cancellation_fee
2991,how do i use the account?,FAQ,Bitext Customer Support Intent Dataset,category=ACCOUNT; intent=switch_account
2952,what do mummies eat,UNKNOWN,CLINC OOS Dataset (test),oos
2401,i dont know how i can cancel order,ACCOUNT_OPS,Bitext Customer Support Intent Dataset,category=ORDER; intent=cancel_order
755,contact customer service,HARD_QUESTION,Bitext Customer Support Intent Dataset,category=CONTACT; intent=contact_customer_service
2556,when will the next boston marathon be,UNKNOWN,CLINC OOS Dataset (test),oos
2974,get me dwight howard shooting average,UNKNOWN,CLINC OOS Dataset (train),oos
2335,want help to speak to somebody,HARD_QUESTION,Bitext Customer Support Intent Dataset,category=CONTACT; intent=contact_human_agent
1477,will you tell me what hours i can contact customer support?,HARD_QUESTION,Bitext Customer Support Intent Dataset,category=CONTACT; intent=contact_customer_service
1973,i missed a fucking product in purchase,ACCOUNT_OPS,Bitext Customer Support Intent Dataset,category=ORDER; intent=change_order
3166,"i want to talk to customer assistance, will you help me?",HARD_QUESTION,Bitext Customer Support Intent Dataset,category=CONTACT; intent=contact_customer_service
2117,please call immediately as there is an urgent message waiting for you,SPAM,UCI SMS Spam Collection,spam
666,help me lodge a customer reclamation against ur company,FAQ,Bitext Customer Support Intent Dataset,category=FEEDBACK; intent=complaint
358,what supplies do i need to clean my car,UNKNOWN,CLINC OOS Dataset (test),oos
2171,help me checking what hours i can call customer support,HARD_QUESTION,Bitext Customer Support Intent Dataset,category=CONTACT; intent=contact_customer_service
1526,i want help to ask for a reimbursement of my money,ACCOUNT_OPS,Bitext Customer Support Intent Dataset,category=REFUND; intent=get_refund
357,what is one standard deviation,UNKNOWN,CLINC OOS Dataset (test),oos
2105,i expect a goddamn restitution of,ACCOUNT_OPS,Bitext Customer Support Intent Dataset,category=REFUND; intent=track_refund
2865,i don't know how i can switch to the account,FAQ,Bitext Customer Support Intent Dataset,category=ACCOUNT; intent=switch_account
2648,how much candy have i consumed this week,UNKNOWN,CLINC OOS Dataset (test),oos
577,i do not know how to acquire a few of your product,ACCOUNT_OPS,Bitext Customer Support Intent Dataset,category=ORDER; intent=place_order
2944,"someone stole my password, help retrieving it",FAQ,Bitext Customer Support Intent Dataset,category=ACCOUNT; intent=recover_password
2168,how long until i get my money back,ACCOUNT_OPS,Bitext Customer Support Intent Dataset,category=REFUND; intent=get_refund
1870,is it possible to earn several products?,ACCOUNT_OPS,Bitext Customer Support Intent Dataset,category=ORDER; intent=place_order
3200,"did you hear about the new ""divorce barbie""? it comes with all of ken's stuff!",SPAM,UCI SMS Spam Collection,spam
46,can you help me to see when my item is going to arrive?,FAQ,Bitext Customer Support Intent Dataset,category=DELIVERY; intent=delivery_period
2925,i need assistance to earn na item,ACCOUNT_OPS,Bitext Customer Support Intent Dataset,category=ORDER; intent=place_order
1332,your credits have been topped up for your renewal pin is tgxxrz,SPAM,UCI SMS Spam Collection,spam
2942,is it possible to speak to someone ?,HARD_QUESTION,Bitext Customer Support Intent Dataset,category=CONTACT; intent=contact_human_agent
2948,ya have an address to submit some feednack,FAQ,Bitext Customer Support Intent Dataset,category=FEEDBACK; intent=review
2174,i want assistance informing of issues with sign-up,FAQ,Bitext Customer Support Intent Dataset,category=ACCOUNT; intent=registration_problems
2315,help to see what hours i can reach customer assistance,HARD_QUESTION,Bitext Customer Support Intent Dataset,category=CONTACT; intent=contact_customer_service
308,who has the most subscribers on youtube,UNKNOWN,CLINC OOS Dataset (train),oos
1737,help retrieving my account key,FAQ,Bitext Customer Support Intent Dataset,category=ACCOUNT; intent=recover_password
2599,"so, hang out around this house often",UNKNOWN,CLINC OOS Dataset (test),oos
3417,need help informing of rergistration errors,FAQ,Bitext Customer Support Intent Dataset,category=ACCOUNT; intent=registration_problems
2376,i dont know what i have to do to contact a person,HARD_QUESTION,Bitext Customer Support Intent Dataset,category=CONTACT; intent=contact_human_agent
1606,i have to speak with someone i need hrlp,HARD_QUESTION,Bitext Customer Support Intent Dataset,category=CONTACT; intent=contact_human_agent
2419,wanna change my fucking address,FAQ,Bitext Customer Support Intent Dataset,category=SHIPPING; intent=change_shipping_address
2656,how to switch some items of purchase,ACCOUNT_OPS,Bitext Customer Support Intent Dataset,category=ORDER; intent=change_order
3086,valentines day special! win over in our quiz and take your partner on the trip of a lifetime! send go to now. p/msg rcvd. custcare:,SPAM,UCI SMS Spam Collection,spam
1081,how do i get a rebate?,ACCOUNT_OPS,Bitext Customer Support Intent Dataset,category=REFUND; intent=get_refund
1087,we tried to contact you re your reply to our offer of a video handset? anytime networks mins? unlimited text? camcorder? reply or call now,SPAM,UCI SMS Spam Collection,spam
1097,i have got to talk to an agent,HARD_QUESTION,Bitext Customer Support Intent Dataset,category=CONTACT; intent=contact_human_agent
1533,where to see if there are any updates on the refund?,ACCOUNT_OPS,Bitext Customer Support Intent Dataset,category=REFUND; intent=track_refund
1108,i don't know what to do to file a consumer claim,FAQ,Bitext Customer Support Intent Dataset,category=FEEDBACK; intent=complaint
3312,"urgent!! your costa del sol holiday or await collection. call now toclaim. sae, tc s, pobox, stockport, skxh, cost./pm, maxmins",SPAM,UCI SMS Spam Collection,spam
2281,what do i have to do to delete a freemium account,FAQ,Bitext Customer Support Intent Dataset,category=ACCOUNT; intent=delete_account
2160,recpt /. you have ordered a ringtone. your order is being processed...,SPAM,UCI SMS Spam Collection,spam
228,uhave a mail address to get in touch with customer support,HARD_QUESTION,Bitext Customer Support Intent Dataset,category=CONTACT; intent=contact_customer_service
1112,problems setting up the shipping address,FAQ,Bitext Customer Support Intent Dataset,category=SHIPPING; intent=set_up_shipping_address
2704,i need to find a new babysitter,UNKNOWN,CLINC OOS Dataset (test),oos
2697,"our mobile number has won , to claim calls us back or ring the claims hot line on .",SPAM,UCI SMS Spam Collection,spam
894,i do not know how to look for the invoice from,ACCOUNT_OPS,Bitext Customer Support Intent Dataset,category=INVOICE; intent=check_invoice
2696,"for ur chance to win cash every wk txt: play to . t'sc's custcare , xp/wk.",SPAM,UCI SMS Spam Collection,spam
1103,"i don't understand you, help talking to a goddamn person",HARD_QUESTION,Bitext Customer Support Intent Dataset,category=CONTACT; intent=contact_human_agent
2876,what is the last time the living room was vacuumed,UNKNOWN,CLINC OOS Dataset (test),oos
2245,i have to file a customer reclamation,FAQ,Bitext Customer Support Intent Dataset,category=FEEDBACK; intent=complaint
496,i am trying toclose the standard account,FAQ,Bitext Customer Support Intent Dataset,category=ACCOUNT; intent=delete_account
3001,how can i notify of sign-up issues?,FAQ,Bitext Customer Support Intent Dataset,category=ACCOUNT; intent=registration_problems
3162,"this is the nd time we have tried to contact u. u have won the prize. claim is easy, just call now! only p per minute. bt-national-rate",SPAM,UCI SMS Spam Collection,spam
2665,back work morro half term over! can u c me nite some sexy passion b i have go back? chat now luv dena calls /minmobsmorelkpoboxhpfl,SPAM,UCI SMS Spam Collection,spam
3310,what kinds of cereal are gluten free,UNKNOWN,CLINC OOS Dataset (test),oos
3157,i ned to speak to customer service,HARD_QUESTION,Bitext Customer Support Intent Dataset,category=CONTACT; intent=contact_customer_service
212,what do i need to do to open a account?,FAQ,Bitext Customer Support Intent Dataset,category=ACCOUNT; intent=create_account
2306,can you help me see what methods for delivery i have?,FAQ,Bitext Customer Support Intent Dataset,category=DELIVERY; intent=delivery_options
1839,can i see the accepted payment modalities?,ACCOUNT_OPS,Bitext Customer Support Intent Dataset,category=PAYMENT; intent=check_payment_methods
1579,i do not know how i could remove the account,FAQ,Bitext Customer Support Intent Dataset,category=ACCOUNT; intent=delete_account
2424,i need help to remove my account,FAQ,Bitext Customer Support Intent Dataset,category=ACCOUNT; intent=delete_account
1258,can you direct to me a person?,HARD_QUESTION,Bitext Customer Support Intent Dataset,category=CONTACT; intent=contact_human_agent
1044,call from - tells u call to claim prize. u have enter all ur mobile personal details the prompts. careful!,SPAM,UCI SMS Spam Collection,spam
58,rt-king pro video club>> need help? inforingtoneking.co.uk or call you must be club credits redeemable at enjoy!,SPAM,UCI SMS Spam Collection,spam
458,can you tell me how to figure a percentage of a number,UNKNOWN,CLINC OOS Dataset (train),oos
1552,i cannot switch to the premium account,FAQ,Bitext Customer Support Intent Dataset,category=ACCOUNT; intent=switch_account
2845,wanna make a damn claim willuhelp me,FAQ,Bitext Customer Support Intent Dataset,category=FEEDBACK; intent=complaint
1776,correct information on gold account,FAQ,Bitext Customer Support Intent Dataset,category=ACCOUNT; intent=edit_account
1746,wamma get laid?want real doggin locations sent direct to your mobile? join the uks largest dogging network. txt dogs to now!nyt. eca. lp ./msg.,SPAM,UCI SMS Spam Collection,spam
1412,"i have to speak with somebody, can i get some help?",HARD_QUESTION,Bitext Customer Support Intent Dataset,category=CONTACT; intent=contact_human_agent
3388,i do not know what to do to get my invoices from,ACCOUNT_OPS,Bitext Customer Support Intent Dataset,category=INVOICE; intent=get_invoice
2688,dear voucher holder have your next meal on us. use the following link on your pc enjoy a dining experience,SPAM,UCI SMS Spam Collection,spam
2789,"bored of speed dating? try speedchat, txt speedchat to , if you don't like em txt swap and get a new chatter! chat poboxwwq p/msg rcd",SPAM,UCI SMS Spam Collection,spam
2605,assistance to see what payment options are allowed,ACCOUNT_OPS,Bitext Customer Support Intent Dataset,category=PAYMENT; intent=check_payment_methods
3370,are trees absolutely necessary to survive,UNKNOWN,CLINC OOS Dataset (train),oos
1931,need assistance correcting the address,FAQ,Bitext Customer Support Intent Dataset,category=SHIPPING; intent=change_shipping_address
2723,how do i stop my child from setting small animals on fire for amusement,UNKNOWN,CLINC OOS Dataset (test),oos
2478,"orange customer, you may now claim your free camera phone upgrade for your loyalty. call now on . offer ends thmarch. tc's apply. opt-out availa",SPAM,UCI SMS Spam Collection,spam
2326,you have new message. call --,SPAM,UCI SMS Spam Collection,spam
546,where do i file a claim?,FAQ,Bitext Customer Support Intent Dataset,category=FEEDBACK; intent=complaint
2808,i want support modifying my address,FAQ,Bitext Customer Support Intent Dataset,category=SHIPPING; intent=change_shipping_address
625,i have an issue setting up another shipping address,FAQ,Bitext Customer Support Intent Dataset,category=SHIPPING; intent=set_up_shipping_address
3422,get bill,ACCOUNT_OPS,Bitext Customer Support Intent Dataset,category=INVOICE; intent=get_invoice
2055,"xxxmobilemovieclub: to use your credit, click the wap link in the next txt message or click here>> xxxmobilemovieclub.com?n=qjkgighjjgcbl",SPAM,UCI SMS Spam Collection,spam
302,what is the price of other company's similar phone plans,UNKNOWN,CLINC OOS Dataset (test),oos
238,where to edit my shipping address?,FAQ,Bitext Customer Support Intent Dataset,category=SHIPPING; intent=change_shipping_address
3247,help me chat with someone,HARD_QUESTION,Bitext Customer Support Intent Dataset,category=CONTACT; intent=contact_human_agent
2733,i need assistance to talk to somebody,HARD_QUESTION,Bitext Customer Support Intent Dataset,category=CONTACT; intent=contact_human_agent
1486,i want information about cancel my newsletter subscription,ACCOUNT_OPS,Bitext Customer Support Intent Dataset,category=SUBSCRIPTION; intent=newsletter_subscription
626,what's the biggest saas marketing company in the united states,UNKNOWN,CLINC OOS Dataset (train),oos
2185,helo to contact an assistant,HARD_QUESTION,Bitext Customer Support Intent Dataset,category=CONTACT; intent=contact_human_agent
114,problems submitting a delivery address,FAQ,Bitext Customer Support Intent Dataset,category=SHIPPING; intent=set_up_shipping_address
3404,i do not know how i can take a quick look at the bill,ACCOUNT_OPS,Bitext Customer Support Intent Dataset,category=INVOICE; intent=check_invoice
2476,help me to see the status of order,ACCOUNT_OPS,Bitext Customer Support Intent Dataset,category=ORDER; intent=track_order
1679,"i want to send feedback for your company, help me",FAQ,Bitext Customer Support Intent Dataset,category=FEEDBACK; intent=review
3107,wanna contact damn customer service i need help,HARD_QUESTION,Bitext Customer Support Intent Dataset,category=CONTACT; intent=contact_customer_service
195,need help setting another shipping address up,FAQ,Bitext Customer Support Intent Dataset,category=SHIPPING; intent=set_up_shipping_address
2084,"your chance to be on a reality fantasy show call now = just p per min ntt ltd, po box croydon cr wb is a national = rate call",SPAM,UCI SMS Spam Collection,spam
2823,you have new voicemail. please call .,SPAM,UCI SMS Spam Collection,spam
3168,sexy sexy cum and text me im wet and warm and ready for some porn! u up for some fun? this msg is free recd msgs p inc vat cancel text stop,SPAM,UCI SMS Spam Collection,spam
2761,correct order,ACCOUNT_OPS,Bitext Customer Support Intent Dataset,category=ORDER; intent=change_order
1502,how can i submit my shipping address,FAQ,Bitext Customer Support Intent Dataset,category=SHIPPING; intent=set_up_shipping_address
1916,how do i contact someone,HARD_QUESTION,Bitext Customer Support Intent Dataset,category=CONTACT; intent=contact_human_agent
2080,free msg:we billed your mobile number by mistake from shortcode .please call to have charges refunded.this call will be free from a bt landline,SPAM,UCI SMS Spam Collection,spam
2552,"i have a rash, what can i use for it",UNKNOWN,CLINC OOS Dataset (test),oos
2201,would it be possible to delete a account?,FAQ,Bitext Customer Support Intent Dataset,category=ACCOUNT; intent=delete_account
2587,moby pub quiz.win a high street prize if u know who the new duchess of cornwall will be? txt her first name to .unsub stop . sp,SPAM,UCI SMS Spam Collection,spam
873,i want help to chat with a live agent,HARD_QUESTION,Bitext Customer Support Intent Dataset,category=CONTACT; intent=contact_human_agent
230,help talking with a live agent,HARD_QUESTION,Bitext Customer Support Intent Dataset,category=CONTACT; intent=contact_human_agent
1458,"i have lost the pin of my user, how do i recover it?",FAQ,Bitext Customer Support Intent Dataset,category=ACCOUNT; intent=recover_password
2538,make an ad to sell my real estate,UNKNOWN,CLINC OOS Dataset (test),oos
1414,i want to check the bloody payment options,ACCOUNT_OPS,Bitext Customer Support Intent Dataset,category=PAYMENT; intent=check_payment_methods
95,i do not know how i can chat with an agent,HARD_QUESTION,Bitext Customer Support Intent Dataset,category=CONTACT; intent=contact_human_agent
839,please save my draft for me so i can work on it later,UNKNOWN,CLINC OOS Dataset (train),oos
2414,cashbin.co.uk (get lots of cash this weekend!) dear welcome to the weekend we have got our biggest and best ever cash give away!! these..,SPAM,UCI SMS Spam Collection,spam
2218,checking invoice from last month,ACCOUNT_OPS,Bitext Customer Support Intent Dataset,category=INVOICE; intent=check_invoice
1323,why i cannot set up a new delivery address valid,FAQ,Bitext Customer Support Intent Dataset,category=SHIPPING; intent=set_up_shipping_address
1293,i want help to contact customer assistance,HARD_QUESTION,Bitext Customer Support Intent Dataset,category=CONTACT; intent=contact_customer_service
884,want help giving a quick look at my invoice,ACCOUNT_OPS,Bitext Customer Support Intent Dataset,category=INVOICE; intent=check_invoice
1449,i need assistance to repor errors with online payments,ACCOUNT_OPS,Bitext Customer Support Intent Dataset,category=PAYMENT; intent=payment_issue
2610,do uhave a toll-free number to talk to customer assistance,HARD_QUESTION,Bitext Customer Support Intent Dataset,category=CONTACT; intent=contact_customer_service
1119,i need help seeing your reimbursement policy,ACCOUNT_OPS,Bitext Customer Support Intent Dataset,category=REFUND; intent=check_refund_policy
147,"double mins and txts months free bluetooth on orange. available on sony, nokia motorola phones. call mobileupd on or calloptout/ndx",SPAM,UCI SMS Spam Collection,spam
1994,how do i put a lens that's fallen out back in my glasses,UNKNOWN,CLINC OOS Dataset (test),oos
262,i can't sign up to your goddamn company newsletter,ACCOUNT_OPS,Bitext Customer Support Intent Dataset,category=SUBSCRIPTION; intent=newsletter_subscription
1977,text meet someone sexy today. u can find a date or even flirt its up to u. join just p. reply with name age eg sam . -msg recdthirtyeight pence,SPAM,UCI SMS Spam Collection,spam
1871,you have won a guaranteed cash or a prize. to claim yr prize call our customer service representative on between am-pm cost p,SPAM,UCI SMS Spam Collection,spam
82,how many calories does jumping up and down burn,UNKNOWN,CLINC OOS Dataset (test),oos
2946,what makes pi so mathematically important,UNKNOWN,CLINC OOS Dataset (test),oos
3205,want help seeing purchase status,ACCOUNT_OPS,Bitext Customer Support Intent Dataset,category=ORDER; intent=track_order
2755,"i would like to speak with an assistant, how do i do it?",HARD_QUESTION,Bitext Customer Support Intent Dataset,category=CONTACT; intent=contact_human_agent
3095,i cannot pay for my last item cancel order,ACCOUNT_OPS,Bitext Customer Support Intent Dataset,category=ORDER; intent=cancel_order
1271,want help leaving a coment for ur products,FAQ,Bitext Customer Support Intent Dataset,category=FEEDBACK; intent=review
2204,need to see what hours customer assistance available is,HARD_QUESTION,Bitext Customer Support Intent Dataset,category=CONTACT; intent=contact_customer_service
1424,i want help to ask for compensatiuons,ACCOUNT_OPS,Bitext Customer Support Intent Dataset,category=REFUND; intent=get_refund
3362,need to make a complaint,FAQ,Bitext Customer Support Intent Dataset,category=FEEDBACK; intent=complaint
794,what is the cheapest new car for this year,UNKNOWN,CLINC OOS Dataset (test),oos
2667,transfer to me an agent,HARD_QUESTION,Bitext Customer Support Intent Dataset,category=CONTACT; intent=contact_human_agent
3140,find out how to deodorize a car,UNKNOWN,CLINC OOS Dataset (test),oos
902,i'd like to hire a wedding planner and need help finding one,UNKNOWN,CLINC OOS Dataset (test),oos
1490,free msg: ringtone!from: widelive.com/index. wml?id=baeceffffirst=true:-jul-,SPAM,UCI SMS Spam Collection,spam
3406,"i have to see in what cases can i request refunds, help me",ACCOUNT_OPS,Bitext Customer Support Intent Dataset,category=REFUND; intent=check_refund_policy
885,what's out at the theaters right now,UNKNOWN,CLINC OOS Dataset (test),oos
2828,"i bought some items, help canceling order",ACCOUNT_OPS,Bitext Customer Support Intent Dataset,category=ORDER; intent=cancel_order
2425,where do i check what hours i can reach customer service?,HARD_QUESTION,Bitext Customer Support Intent Dataset,category=CONTACT; intent=contact_customer_service
391,please ping the rfid in my wallet and tell me where it's at right now,UNKNOWN,CLINC OOS Dataset (test),oos
977,i want help seeing ur allowed paymnet methods,ACCOUNT_OPS,Bitext Customer Support Intent Dataset,category=PAYMENT; intent=check_payment_methods
3415,i have to check when my item is gonnaarrive help me,FAQ,Bitext Customer Support Intent Dataset,category=DELIVERY; intent=delivery_period
567,there is an issue entering my delivery address,FAQ,Bitext Customer Support Intent Dataset,category=SHIPPING; intent=set_up_shipping_address
991,assistance earning a damn product,ACCOUNT_OPS,Bitext Customer Support Intent Dataset,category=ORDER; intent=place_order
2748,eastenders tv quiz. what flower does dot compare herself to? d= violet e= tulip f= lily txt d e or f to now chance win cash wkent/p,SPAM,UCI SMS Spam Collection,spam
2343,i cannot report problems with sign-up,FAQ,Bitext Customer Support Intent Dataset,category=ACCOUNT; intent=registration_problems
540,where to acquire several articles ?,ACCOUNT_OPS,Bitext Customer Support Intent Dataset,category=ORDER; intent=place_order
1260,i do not know what i have to do to request refunds of money,ACCOUNT_OPS,Bitext Customer Support Intent Dataset,category=REFUND; intent=get_refund
2731,want help modifying my address,FAQ,Bitext Customer Support Intent Dataset,category=SHIPPING; intent=change_shipping_address
1876,i have to leave feedback for ur company,FAQ,Bitext Customer Support Intent Dataset,category=FEEDBACK; intent=review
970,"free entry to the grprizes wkly comp a chance to win the latest nokia , psp or cash every wk.txt great to http//",SPAM,UCI SMS Spam Collection,spam
2994,when is my purchase gonna arrive,ACCOUNT_OPS,Bitext Customer Support Intent Dataset,category=DELIVERY; intent=delivery_period
120,look up the average temperature changes over the last years for my area,UNKNOWN,CLINC OOS Dataset (test),oos
530,i need assistance to send my feedback aboutur company,FAQ,Bitext Customer Support Intent Dataset,category=FEEDBACK; intent=review
3315,"i have to change an item of purchase , help me",ACCOUNT_OPS,Bitext Customer Support Intent Dataset,category=ORDER; intent=change_order
2165,what are the top rated universities within my state,UNKNOWN,CLINC OOS Dataset (test),oos
50,"i want to check the methods for delivery, help me",FAQ,Bitext Customer Support Intent Dataset,category=DELIVERY; intent=delivery_options
3218,is there an addressx to submit an opinion for ur company,FAQ,Bitext Customer Support Intent Dataset,category=FEEDBACK; intent=review
409,"anetworks allow companies to bill for sms, so they are responsible for their ""suppliers"", just as a shop has to give a guarantee on what they sell. b. g.",SPAM,UCI SMS Spam Collection,spam
2190,i dont know wwhat i need to do to check invoice,ACCOUNT_OPS,Bitext Customer Support Intent Dataset,category=INVOICE; intent=check_invoice
1177,what's the highest building in the world,UNKNOWN,CLINC OOS Dataset (test),oos
2005,"i have got to correct the delivery address, how to do it?",FAQ,Bitext Customer Support Intent Dataset,category=SHIPPING; intent=change_shipping_address
419,i want to unsubscribe from the newsletter,ACCOUNT_OPS,Bitext Customer Support Intent Dataset,category=SUBSCRIPTION; intent=newsletter_subscription
315,i need to speak to a person,HARD_QUESTION,Bitext Customer Support Intent Dataset,category=CONTACT; intent=contact_human_agent
709,want help obtaining a refund of money,ACCOUNT_OPS,Bitext Customer Support Intent Dataset,category=REFUND; intent=get_refund
2708,"i am not registered yet, want help to open a damn accoun",FAQ,Bitext Customer Support Intent Dataset,category=ACCOUNT; intent=create_account
1990,xclusiveclubsaisai morow / soiree speciale zouk with nichols from paris.free roses all ladies !!! info: /,SPAM,UCI SMS Spam Collection,spam
2329,i need assistance to inform of a registration problem,FAQ,Bitext Customer Support Intent Dataset,category=ACCOUNT; intent=registration_problems
1601,can i check at what time i can call customer support?,HARD_QUESTION,Bitext Customer Support Intent Dataset,category=CONTACT; intent=contact_customer_service
910,can uhelp me to speak with a person,HARD_QUESTION,Bitext Customer Support Intent Dataset,category=CONTACT; intent=contact_human_agent
2929,need help to talk to customer assistance,HARD_QUESTION,Bitext Customer Support Intent Dataset,category=CONTACT; intent=contact_customer_service
678,i don't know how i can talk to a live agent,HARD_QUESTION,Bitext Customer Support Intent Dataset,category=CONTACT; intent=contact_human_agent
2000,i have lost bill can ya show it to me,ACCOUNT_OPS,Bitext Customer Support Intent Dataset,category=INVOICE; intent=check_invoice
3077,ineed to contact an agent,HARD_QUESTION,Bitext Customer Support Intent Dataset,category=CONTACT; intent=contact_human_agent
2179,do ducks sleep,UNKNOWN,CLINC OOS Dataset (validation),oos
3202,urgent! your mobile number has been awarded a <ukp> prize guaranteed. call from landline. claim . valid hrs only ppm,SPAM,UCI SMS Spam Collection,spam
376,give me information aout editing order,ACCOUNT_OPS,Bitext Customer Support Intent Dataset,category=ORDER; intent=change_order
1846,what is the name of the th president,UNKNOWN,CLINC OOS Dataset (validation),oos
805,i do not know how i can speak to customer service,HARD_QUESTION,Bitext Customer Support Intent Dataset,category=CONTACT; intent=contact_customer_service
237,help me get a refund of my moneyu,ACCOUNT_OPS,Bitext Customer Support Intent Dataset,category=REFUND; intent=get_refund
3073,what kind of paint do makeup artists use,UNKNOWN,CLINC OOS Dataset (test),oos
2301,"as a valued customer, i am pleased to advise you that following recent review of your mob no. you are awarded with a bonus prize, call",SPAM,UCI SMS Spam Collection,spam
2802,i try to chat with a person,HARD_QUESTION,Bitext Customer Support Intent Dataset,category=CONTACT; intent=contact_human_agent
837,file customerr claim,FAQ,Bitext Customer Support Intent Dataset,category=FEEDBACK; intent=complaint
2104,did madison really bathe in the potomac naked,UNKNOWN,CLINC OOS Dataset (test),oos
3412,what are the benefits of completing college,UNKNOWN,CLINC OOS Dataset (train),oos
84,i dont know how i can get refunds,ACCOUNT_OPS,Bitext Customer Support Intent Dataset,category=REFUND; intent=get_refund
1289,i'm tryng to get the bill,ACCOUNT_OPS,Bitext Customer Support Intent Dataset,category=INVOICE; intent=get_invoice
1341,"i want to see what shipment options i have, how can i do it?",FAQ,Bitext Customer Support Intent Dataset,category=DELIVERY; intent=delivery_options
2205,can u get phone now? i wanna chat set up meet call me now on u can cum here moro luv jane xx calls/minmoremobsemspoboxpowa,SPAM,UCI SMS Spam Collection,spam
1067,"i have to contact customer assistance, how can i do it?",HARD_QUESTION,Bitext Customer Support Intent Dataset,category=CONTACT; intent=contact_customer_service
2955,help me use the standard profile,FAQ,Bitext Customer Support Intent Dataset,category=ACCOUNT; intent=switch_account
1372,help me ask for a compensation,ACCOUNT_OPS,Bitext Customer Support Intent Dataset,category=REFUND; intent=get_refund
3013,help me to remove a product from purchase,ACCOUNT_OPS,Bitext Customer Support Intent Dataset,category=ORDER; intent=change_order
1779,i'm calling to check the shipping options,FAQ,Bitext Customer Support Intent Dataset,category=DELIVERY; intent=delivery_options
2564,what did the mesopotamians call the creator of the universe,UNKNOWN,CLINC OOS Dataset (test),oos
3147,find out who the best appliance repairman is for the downtown area,UNKNOWN,CLINC OOS Dataset (test),oos
3297,i'm trying to see in what cases can i ask for my money back,ACCOUNT_OPS,Bitext Customer Support Intent Dataset,category=REFUND; intent=check_refund_policy
777,do you want a new video handset? any time any network mins? unlimited text? camcorder? reply or call now for del sat am,SPAM,UCI SMS Spam Collection,spam
809,i don't know what i have to do to order several products,ACCOUNT_OPS,Bitext Customer Support Intent Dataset,category=ORDER; intent=place_order
1831,how could i check the early termination fees?,FAQ,Bitext Customer Support Intent Dataset,category=CANCEL; intent=check_cancellation_fee
1038,modify data on standard account,FAQ,Bitext Customer Support Intent Dataset,category=ACCOUNT; intent=edit_account
1832,i cannot pseak to an operator,HARD_QUESTION,Bitext Customer Support Intent Dataset,category=CONTACT; intent=contact_human_agent
3043,ur balance is now . ur next question is: who sang 'uptown girl' in the 's ? answer txt ur answer to . good luck!,SPAM,UCI SMS Spam Collection,spam
2629,was the god osiris a titan or an old god,UNKNOWN,CLINC OOS Dataset (test),oos
131,what's the more secure bank vault,UNKNOWN,CLINC OOS Dataset (test),oos
1046,assistance to contact goddamn customer support,HARD_QUESTION,Bitext Customer Support Intent Dataset,category=CONTACT; intent=contact_customer_service
2446,need assistance to talk with an agent,HARD_QUESTION,Bitext Customer Support Intent Dataset,category=CONTACT; intent=contact_human_agent
3296,could you show me what hours i can call customer service?,HARD_QUESTION,Bitext Customer Support Intent Dataset,category=CONTACT; intent=contact_customer_service
1155,can you tell me the purpose of a safe deposit box,UNKNOWN,CLINC OOS Dataset (test),oos
900,call the grocery store and get their operational hours,UNKNOWN,CLINC OOS Dataset (test),oos
758,can you enable subtitles,UNKNOWN,CLINC OOS Dataset (test),oos
2129,what color is water,UNKNOWN,CLINC OOS Dataset (test),oos
1353,sorry i missed your call let's talk when you have the time. i'm on,SPAM,UCI SMS Spam Collection,spam
253,you have new message. please call,SPAM,UCI SMS Spam Collection,spam
107,help me contact customer assistance,HARD_QUESTION,Bitext Customer Support Intent Dataset,category=CONTACT; intent=contact_customer_service
573,"someone has contacted our dating service and entered your phone becausethey fancy you! to find out who it is call from a landline . pobox, wrg p",SPAM,UCI SMS Spam Collection,spam
1140,"i paid for an item, help me to get a bloody rebate",ACCOUNT_OPS,Bitext Customer Support Intent Dataset,category=REFUND; intent=get_refund
820,what causes dyslexia,UNKNOWN,CLINC OOS Dataset (test),oos
413,where did abraham lincoln live,UNKNOWN,CLINC OOS Dataset (train),oos
130,have a question about forgotten pwd,FAQ,Bitext Customer Support Intent Dataset,category=ACCOUNT; intent=recover_password
1535,need help to set up my delivery address,FAQ,Bitext Customer Support Intent Dataset,category=SHIPPING; intent=set_up_shipping_address
241,how many star wars movies are there,UNKNOWN,CLINC OOS Dataset (test),oos
2003,i try tosubmit my secondary delivery address,FAQ,Bitext Customer Support Intent Dataset,category=SHIPPING; intent=set_up_shipping_address
1523,i want helpchecking what hours i can call customer service,HARD_QUESTION,Bitext Customer Support Intent Dataset,category=CONTACT; intent=contact_customer_service
864,wanna check how soon can i epect my delivery help me,FAQ,Bitext Customer Support Intent Dataset,category=DELIVERY; intent=delivery_period
1137,please uninstall this intrusive social media app,UNKNOWN,CLINC OOS Dataset (test),oos
2258,wanna get the invoice from help me,ACCOUNT_OPS,Bitext Customer Support Intent Dataset,category=INVOICE; intent=get_invoice
2458,can ya help me talk to customer assistance,HARD_QUESTION,Bitext Customer Support Intent Dataset,category=CONTACT; intent=contact_customer_service
3440,help with a delivery address correction,FAQ,Bitext Customer Support Intent Dataset,category=SHIPPING; intent=change_shipping_address
1911,i don't know what i need to do to contact an operator,HARD_QUESTION,Bitext Customer Support Intent Dataset,category=CONTACT; intent=contact_human_agent
720,"you are not helpful, how to chat with an agent?",HARD_QUESTION,Bitext Customer Support Intent Dataset,category=CONTACT; intent=contact_human_agent
1996,how do i use the account,FAQ,Bitext Customer Support Intent Dataset,category=ACCOUNT; intent=switch_account
2522,is it possible to make a complaint against your company?,FAQ,Bitext Customer Support Intent Dataset,category=FEEDBACK; intent=complaint
2133,"i cannot find bill , mail it to me",ACCOUNT_OPS,Bitext Customer Support Intent Dataset,category=INVOICE; intent=get_invoice
2674,i do not know how i could chat with an agent,HARD_QUESTION,Bitext Customer Support Intent Dataset,category=CONTACT; intent=contact_human_agent
796,can ya help me to speak with customer assistance,HARD_QUESTION,Bitext Customer Support Intent Dataset,category=CONTACT; intent=contact_customer_service
295,help to see order current status,ACCOUNT_OPS,Bitext Customer Support Intent Dataset,category=ORDER; intent=track_order
1774,"latest nokia mobile or ipod mp player proze guaranteed! reply with: win to now! norcorp ltd.,/mtmsgrcvd",SPAM,UCI SMS Spam Collection,spam
675,where can i have a black and white photo blown up to poster size,UNKNOWN,CLINC OOS Dataset (test),oos
1422,create new account,FAQ,Bitext Customer Support Intent Dataset,category=ACCOUNT; intent=create_account
729,help me talk with an agent,HARD_QUESTION,Bitext Customer Support Intent Dataset,category=CONTACT; intent=contact_human_agent
938,how to speak with an agent,HARD_QUESTION,Bitext Customer Support Intent Dataset,category=CONTACT; intent=contact_human_agent
1488,"i want to contact fucking customer support, how can i do it?",HARD_QUESTION,Bitext Customer Support Intent Dataset,category=CONTACT; intent=contact_customer_service
3161,what do i have to do to buy some items,ACCOUNT_OPS,Bitext Customer Support Intent Dataset,category=ORDER; intent=place_order
1462,urgent this is our nd attempt to contact u. your prize from yesterday is still awaiting collection. to claim call now,SPAM,UCI SMS Spam Collection,spam
807,generate a list of songs that include the word love in the title,UNKNOWN,CLINC OOS Dataset (test),oos
2114,"twinks, bears, scallies, skins and jocks are calling now. don't miss the weekend's fun. call at p/min. stop texts call (nat rate)",SPAM,UCI SMS Spam Collection,spam
1592,create several photos of me with different hair styles,UNKNOWN,CLINC OOS Dataset (test),oos
2624,i want help seeing my reimbursement status,ACCOUNT_OPS,Bitext Customer Support Intent Dataset,category=REFUND; intent=track_refund
143,i dont know what i have to do to talk with customer service,HARD_QUESTION,Bitext Customer Support Intent Dataset,category=CONTACT; intent=contact_customer_service
45,how can i talk to somebody?,HARD_QUESTION,Bitext Customer Support Intent Dataset,category=CONTACT; intent=contact_human_agent
1712,i do not know what to do to subscribe to your newsletter,ACCOUNT_OPS,Bitext Customer Support Intent Dataset,category=SUBSCRIPTION; intent=newsletter_subscription
390,want help to purchase some of your product,ACCOUNT_OPS,Bitext Customer Support Intent Dataset,category=ORDER; intent=place_order
2138,i have got to notify of goddamn issues with online payment,ACCOUNT_OPS,Bitext Customer Support Intent Dataset,category=PAYMENT; intent=payment_issue
134,check out choose your babe videos sms.shsex.netun fgkslpopw fgkslpo,SPAM,UCI SMS Spam Collection,spam
2545,i do not know what to do to retrieve thepassword of my user,FAQ,Bitext Customer Support Intent Dataset,category=ACCOUNT; intent=recover_password
1482,i have a provlem with cancelling order,ACCOUNT_OPS,Bitext Customer Support Intent Dataset,category=ORDER; intent=cancel_order
2362,email alertfrom: jeri stewartsize: kbsubject: low-cost prescripiton drvgsto listen to email call,SPAM,UCI SMS Spam Collection,spam
180,winner! as a valued network customer you hvae been selected to receive a reward! to collect call . valid hours only. aclpm,SPAM,UCI SMS Spam Collection,spam
3018,free video camera phones with half price line rental for mths and cross ntwk mins txts. call mobileupd or calloptout/,SPAM,UCI SMS Spam Collection,spam
80,what is a well reviewed book for a teenage girl to read,UNKNOWN,CLINC OOS Dataset (test),oos
605,what are the rules for chess,UNKNOWN,CLINC OOS Dataset (test),oos
1989,can a robot really travel back in time,UNKNOWN,CLINC OOS Dataset (test),oos
2862,directing to agent,HARD_QUESTION,Bitext Customer Support Intent Dataset,category=CONTACT; intent=contact_human_agent
1451,help contacting damn customer support,HARD_QUESTION,Bitext Customer Support Intent Dataset,category=CONTACT; intent=contact_customer_service
1010,"i need to set a secondary delivery address up, help me",FAQ,Bitext Customer Support Intent Dataset,category=SHIPPING; intent=set_up_shipping_address
1179,what do i need to do to chat with somebody,HARD_QUESTION,Bitext Customer Support Intent Dataset,category=CONTACT; intent=contact_human_agent
1347,see the allowed paymnet modalities,ACCOUNT_OPS,Bitext Customer Support Intent Dataset,category=PAYMENT; intent=check_payment_methods
2895,"mila, age, blonde, new in uk. i look sex with uk guys. if u like fun with me. text mtalk to . . pp/txt st free. . increments. help",SPAM,UCI SMS Spam Collection,spam
2043,error submitting my shipping address,FAQ,Bitext Customer Support Intent Dataset,category=SHIPPING; intent=set_up_shipping_address
1749,i want help speaking with customer assistance,HARD_QUESTION,Bitext Customer Support Intent Dataset,category=CONTACT; intent=contact_customer_service
1416,what's the newspaper today,UNKNOWN,CLINC OOS Dataset (test),oos
2951,are there cameras hidden in stop lights,UNKNOWN,CLINC OOS Dataset (test),oos
1283,what do i have to do to see my invoice ?,ACCOUNT_OPS,Bitext Customer Support Intent Dataset,category=INVOICE; intent=check_invoice
40,want supports trying to modify the delivery address,FAQ,Bitext Customer Support Intent Dataset,category=SHIPPING; intent=change_shipping_address
1514,how many generations of pokemon are there now,UNKNOWN,CLINC OOS Dataset (train),oos
664,important message. this is a final contact attempt. you have important messages waiting out our customer claims dept. expires //. call now!,SPAM,UCI SMS Spam Collection,spam
361,i want to contact an operator,HARD_QUESTION,Bitext Customer Support Intent Dataset,category=CONTACT; intent=contact_human_agent
1947,organize my photos by date please,UNKNOWN,CLINC OOS Dataset (test),oos
3426,what's the safest pet to be around toddlers,UNKNOWN,CLINC OOS Dataset (test),oos
2453,what are the words to the chorus for this song,UNKNOWN,CLINC OOS Dataset (test),oos
1394,google the price of skydiving in florida,UNKNOWN,CLINC OOS Dataset (test),oos
1445,"i have to unsubscribe to your newsletter, i need help",ACCOUNT_OPS,Bitext Customer Support Intent Dataset,category=SUBSCRIPTION; intent=newsletter_subscription
1801,"do you ever notice that when you're driving, anyone going slower than you is an idiot and everyone driving faster than you is a maniac?",SPAM,UCI SMS Spam Collection,spam
535,how many hurricanes are in an average hurricane season,UNKNOWN,CLINC OOS Dataset (test),oos
1780,"u can win of music gift vouchers every week starting now txt the word draw to tscs skillgame,winaweek, age.ppermesssubscription",SPAM,UCI SMS Spam Collection,spam
799,start a speech on microbes for me,UNKNOWN,CLINC OOS Dataset (test),oos
2012,i try to check what hours i can call customer service,HARD_QUESTION,Bitext Customer Support Intent Dataset,category=CONTACT; intent=contact_customer_service
2421,urgent! your mobile number has been awarded with a prize guaranteed. call from land line. claim . valid hrs only,SPAM,UCI SMS Spam Collection,spam
2687,where can i see the cancellation charge?,FAQ,Bitext Customer Support Intent Dataset,category=CANCEL; intent=check_cancellation_fee
786,how do you know when your dog is ill,UNKNOWN,CLINC OOS Dataset (validation),oos
2625,are androids expensive,UNKNOWN,CLINC OOS Dataset (validation),oos
3126,see if you can purchase a spacesuit online,UNKNOWN,CLINC OOS Dataset (test),oos
579,make a chart of all the tennis scores from this year,UNKNOWN,CLINC OOS Dataset (test),oos
1229,what si your money back guarantee?,ACCOUNT_OPS,Bitext Customer Support Intent Dataset,category=REFUND; intent=check_refund_policy
1142,how could i get in touch with fucking customer service?,HARD_QUESTION,Bitext Customer Support Intent Dataset,category=CONTACT; intent=contact_customer_service
2297,i do not know whzt to do to inform of a problem with payment,ACCOUNT_OPS,Bitext Customer Support Intent Dataset,category=PAYMENT; intent=payment_issue
2890,i try to see in what cases can i ask to be reimbursed,ACCOUNT_OPS,Bitext Customer Support Intent Dataset,category=REFUND; intent=check_refund_policy
2101,where are most the servicemen right now,UNKNOWN,CLINC OOS Dataset (test),oos
1190,can you help me talk to customer assistance ?,HARD_QUESTION,Bitext Customer Support Intent Dataset,category=CONTACT; intent=contact_customer_service
517,how to check at what time i can reach customer service,HARD_QUESTION,Bitext Customer Support Intent Dataset,category=CONTACT; intent=contact_customer_service
2298,is autism a genetic disease,UNKNOWN,CLINC OOS Dataset (validation),oos
1539,"i can no longer afford order , help me cancel it",ACCOUNT_OPS,Bitext Customer Support Intent Dataset,category=ORDER; intent=cancel_order
3265,need help to check the termination fee,FAQ,Bitext Customer Support Intent Dataset,category=CANCEL; intent=check_cancellation_fee
1487,why i cannot set the new shipping address valid up,FAQ,Bitext Customer Support Intent Dataset,category=SHIPPING; intent=set_up_shipping_address
2415,am i currently connected to wifi,UNKNOWN,CLINC OOS Dataset (test),oos
732,i don't know how i could chat with a goddamn human agent,HARD_QUESTION,Bitext Customer Support Intent Dataset,category=CONTACT; intent=contact_human_agent
2728,opening gold account,FAQ,Bitext Customer Support Intent Dataset,category=ACCOUNT; intent=create_account
2518,i want assistance to speak with a human agent,HARD_QUESTION,Bitext Customer Support Intent Dataset,category=CONTACT; intent=contact_human_agent
1292,is flu contagious,UNKNOWN,CLINC OOS Dataset (validation),oos
2075,what movie is the line today is our independence day from,UNKNOWN,CLINC OOS Dataset (test),oos
993,where do i enter my shipping address?,FAQ,Bitext Customer Support Intent Dataset,category=SHIPPING; intent=set_up_shipping_address
1492,phony award - todays voda numbers ending xxxx are selected to receive a award. if you have a match please call quoting claim code standard rates app,SPAM,UCI SMS Spam Collection,spam
2083,is it possible to locate invoice,ACCOUNT_OPS,Bitext Customer Support Intent Dataset,category=INVOICE; intent=check_invoice
1756,mths half price orange line rental latest camera phones free. had your phone mths ? call mobilesdirect free on to update now! orstoptxt,SPAM,UCI SMS Spam Collection,spam
3397,is there an internet outage in my area,UNKNOWN,CLINC OOS Dataset (test),oos
697,i am trying to leave a goddamn comment for a product,FAQ,Bitext Customer Support Intent Dataset,category=FEEDBACK; intent=review
214,wznt help to switch to the bloody freemium account,FAQ,Bitext Customer Support Intent Dataset,category=ACCOUNT; intent=switch_account
2600,i have problems submitting a secondary shipping address,FAQ,Bitext Customer Support Intent Dataset,category=SHIPPING; intent=set_up_shipping_address
1174,talk with an operator,HARD_QUESTION,Bitext Customer Support Intent Dataset,category=CONTACT; intent=contact_human_agent
2250,"this weeks savamob member offers are now accessible. just call for details! savamob, pobox , la wu. only ./week. savamob - offers mobile!",SPAM,UCI SMS Spam Collection,spam
2161,http//tms. widelive.com/index. wml?id=adafirst=true¡c c ringtone¡,SPAM,UCI SMS Spam Collection,spam
845,directing to person,HARD_QUESTION,Bitext Customer Support Intent Dataset,category=CONTACT; intent=contact_human_agent
878,"in the simpsons movie released in july name the band that died at the start of the film? a-green day, b-blue day, c-red day. (send a, b or c)",SPAM,UCI SMS Spam Collection,spam
1721,tell me at what time i can call customer service,HARD_QUESTION,Bitext Customer Support Intent Dataset,category=CONTACT; intent=contact_customer_service
3065,wanna know more about cancelling the newsletter sjbscription,ACCOUNT_OPS,Bitext Customer Support Intent Dataset,category=SUBSCRIPTION; intent=newsletter_subscription
3155,i need help seeing what hours i csn call customer service,HARD_QUESTION,Bitext Customer Support Intent Dataset,category=CONTACT; intent=contact_customer_service
785,how much food should i feed my cat,UNKNOWN,CLINC OOS Dataset (validation),oos
3229,where can i see the withdrawal penalty?,FAQ,Bitext Customer Support Intent Dataset,category=CANCEL; intent=check_cancellation_fee
3026,what is the time signature for the castlevania song bloody tears,UNKNOWN,CLINC OOS Dataset (test),oos
430,burger king - wanna play footy at a top stadium? get burger king before st sept and go large or super with coca-cola and walk out a winner,SPAM,UCI SMS Spam Collection,spam
838,is it possible to survive in a black hole,UNKNOWN,CLINC OOS Dataset (validation),oos
3212,i don't know how to download the invoice from,ACCOUNT_OPS,Bitext Customer Support Intent Dataset,category=INVOICE; intent=get_invoice
330,transferring to agent,HARD_QUESTION,Bitext Customer Support Intent Dataset,category=CONTACT; intent=contact_human_agent
1954,help me demanding a rebate,ACCOUNT_OPS,Bitext Customer Support Intent Dataset,category=REFUND; intent=get_refund
578,"goal! arsenal (henry, v liverpool henry scores with a simple shot from yards from a pass by bergkamp to give arsenal a goal margin after mins.",SPAM,UCI SMS Spam Collection,spam
56,tell me about the earthquake in california that happened this morning,UNKNOWN,CLINC OOS Dataset (test),oos
1659,i don't know how i can receive the company newsletter,ACCOUNT_OPS,Bitext Customer Support Intent Dataset,category=SUBSCRIPTION; intent=newsletter_subscription
3437,could you help me use the gold profile?,FAQ,Bitext Customer Support Intent Dataset,category=ACCOUNT; intent=switch_account
1328,help me inform of an error with online payment,ACCOUNT_OPS,Bitext Customer Support Intent Dataset,category=PAYMENT; intent=payment_issue
2954,i do not know what to do to chat with a live agent,HARD_QUESTION,Bitext Customer Support Intent Dataset,category=CONTACT; intent=contact_human_agent
1256,report problems with payment,ACCOUNT_OPS,Bitext Customer Support Intent Dataset,category=PAYMENT; intent=payment_issue
3258,i don't know how to cancel my newsletter subscription,ACCOUNT_OPS,Bitext Customer Support Intent Dataset,category=SUBSCRIPTION; intent=newsletter_subscription
2817,can you help me to cancel the account?,FAQ,Bitext Customer Support Intent Dataset,category=ACCOUNT; intent=delete_account
140,i can't swap some items of purchase,ACCOUNT_OPS,Bitext Customer Support Intent Dataset,category=ORDER; intent=change_order
658,when was nintendo created,UNKNOWN,CLINC OOS Dataset (train),oos
3420,urgent! we are trying to contact u. todays draw shows that you have won a prize guaranteed. call from land line. claim m. validhrs only,SPAM,UCI SMS Spam Collection,spam
1612,what is the best way for dealing with the airport,UNKNOWN,CLINC OOS Dataset (test),oos
3381,assistance checking what hours i can call customer service,HARD_QUESTION,Bitext Customer Support Intent Dataset,category=CONTACT; intent=contact_customer_service
1006,when will world war begin,UNKNOWN,CLINC OOS Dataset (test),oos
3241,contcat an agent,HARD_QUESTION,Bitext Customer Support Intent Dataset,category=CONTACT; intent=contact_human_agent
3342,i aint registered yet could i open a pro account withyou,FAQ,Bitext Customer Support Intent Dataset,category=ACCOUNT; intent=create_account
3421,can ya show me at what time customer service available is,HARD_QUESTION,Bitext Customer Support Intent Dataset,category=CONTACT; intent=contact_customer_service
2435,i do not know what i have to do to chat with somebody,HARD_QUESTION,Bitext Customer Support Intent Dataset,category=CONTACT; intent=contact_human_agent
3346,how to see if there is anything wrong with my compensation,ACCOUNT_OPS,Bitext Customer Support Intent Dataset,category=REFUND; intent=track_refund
2616,want help informing of a trouble with payment,ACCOUNT_OPS,Bitext Customer Support Intent Dataset,category=PAYMENT; intent=payment_issue
3292,i don't know how i can get a compensation of my money,ACCOUNT_OPS,Bitext Customer Support Intent Dataset,category=REFUND; intent=get_refund
128,"win: we have a winner! mr. t. foley won an ipod! more exciting prizes soon, so keep an eye on ur mobile or visit",SPAM,UCI SMS Spam Collection,spam
290,i need help to see at what time i can call customer support,HARD_QUESTION,Bitext Customer Support Intent Dataset,category=CONTACT; intent=contact_customer_service
1204,"i purchased some damn product, help me cancel order",ACCOUNT_OPS,Bitext Customer Support Intent Dataset,category=ORDER; intent=cancel_order
1886,filthy stories and girls waiting for your,SPAM,UCI SMS Spam Collection,spam
1880,i want to see at what time i can call customer service,HARD_QUESTION,Bitext Customer Support Intent Dataset,category=CONTACT; intent=contact_customer_service
2586,nede to get the bill from how to do it,ACCOUNT_OPS,Bitext Customer Support Intent Dataset,category=INVOICE; intent=get_invoice
2093,i need assistance to speak to a live agent,HARD_QUESTION,Bitext Customer Support Intent Dataset,category=CONTACT; intent=contact_human_agent
1426,can uhelp me contact an assostant,HARD_QUESTION,Bitext Customer Support Intent Dataset,category=CONTACT; intent=contact_human_agent
754,assistance to edit order,ACCOUNT_OPS,Bitext Customer Support Intent Dataset,category=ORDER; intent=change_order
2827,i would like to check how soon can i expect the shipment,FAQ,Bitext Customer Support Intent Dataset,category=DELIVERY; intent=delivery_period
3243,get invoice from last purchase,ACCOUNT_OPS,Bitext Customer Support Intent Dataset,category=INVOICE; intent=get_invoice
668,help to restore my profile password,FAQ,Bitext Customer Support Intent Dataset,category=ACCOUNT; intent=recover_password
587,i need assistance to download the bills from,ACCOUNT_OPS,Bitext Customer Support Intent Dataset,category=INVOICE; intent=get_invoice
568,i want help to check what shipping options i have,FAQ,Bitext Customer Support Intent Dataset,category=DELIVERY; intent=delivery_options
2122,what should i do if i saw a cockroach in my house,UNKNOWN,CLINC OOS Dataset (test),oos
111,"i want to speak with customer service, helpme",HARD_QUESTION,Bitext Customer Support Intent Dataset,category=CONTACT; intent=contact_customer_service
405,i do not know how to make an order,ACCOUNT_OPS,Bitext Customer Support Intent Dataset,category=ORDER; intent=place_order
638,why would the water be turned off,UNKNOWN,CLINC OOS Dataset (test),oos
603,where could i see the early termination penalties?,FAQ,Bitext Customer Support Intent Dataset,category=CANCEL; intent=check_cancellation_fee
2484,need help talking to a live agent,HARD_QUESTION,Bitext Customer Support Intent Dataset,category=CONTACT; intent=contact_human_agent
3384,wanna cancel the companynewsletter subscription,ACCOUNT_OPS,Bitext Customer Support Intent Dataset,category=SUBSCRIPTION; intent=newsletter_subscription
1797,what do i have to d to remove the account,FAQ,Bitext Customer Support Intent Dataset,category=ACCOUNT; intent=delete_account
2878,i'm trying to see at what time i can call customer support,HARD_QUESTION,Bitext Customer Support Intent Dataset,category=CONTACT; intent=contact_customer_service
770,what's the best reviewed local roof repair place,UNKNOWN,CLINC OOS Dataset (test),oos
1575,editing informaqtion on platinum account,FAQ,Bitext Customer Support Intent Dataset,category=ACCOUNT; intent=edit_account
555,how can i switch to the freemium account?,FAQ,Bitext Customer Support Intent Dataset,category=ACCOUNT; intent=switch_account
3249,congratulations ur awarded either a yrs supply of cds from virgin records or a mystery gift guaranteed call tscs .pm approx mins,SPAM,UCI SMS Spam Collection,spam
2102,do those i subscribe to have new videos,UNKNOWN,CLINC OOS Dataset (train),oos
925,i am trying to report errors with payments,ACCOUNT_OPS,Bitext Customer Support Intent Dataset,category=PAYMENT; intent=payment_issue
1822,need assistance to cancel order,ACCOUNT_OPS,Bitext Customer Support Intent Dataset,category=ORDER; intent=cancel_order
2807,wanna see order status help me,ACCOUNT_OPS,Bitext Customer Support Intent Dataset,category=ORDER; intent=track_order
1904,i am trying to change to the account,FAQ,Bitext Customer Support Intent Dataset,category=ACCOUNT; intent=switch_account
3380,do you want a new nokia i colour phone delivered tomorrow? with free minutes to any mobile free text free camcorder reply or call,SPAM,UCI SMS Spam Collection,spam
744,want assistance to leave feedback for ur products,FAQ,Bitext Customer Support Intent Dataset,category=FEEDBACK; intent=review
1301,i have to set up the delivery address,FAQ,Bitext Customer Support Intent Dataset,category=SHIPPING; intent=set_up_shipping_address
1483,urgent we are trying to contact you last weekends draw shows u have won a prize guaranteed call claim code k valid hrs p pm,SPAM,UCI SMS Spam Collection,spam
2046,read text,UNKNOWN,CLINC OOS Dataset (test),oos
2899,how to open a premium account?,FAQ,Bitext Customer Support Intent Dataset,category=ACCOUNT; intent=create_account
1431,check in which situations can i request an refund,ACCOUNT_OPS,Bitext Customer Support Intent Dataset,category=REFUND; intent=check_refund_policy
2365,wanna check in which cases can i ask for refunds,ACCOUNT_OPS,Bitext Customer Support Intent Dataset,category=REFUND; intent=check_refund_policy
2134,hello. we need some posh birds and chaps to user trial prods for champneys. can i put you down? i need your address and dob asap. ta r,SPAM,UCI SMS Spam Collection,spam
2078,where do i recover the access key of my user account?,FAQ,Bitext Customer Support Intent Dataset,category=ACCOUNT; intent=recover_password
549,updating platinum account,FAQ,Bitext Customer Support Intent Dataset,category=ACCOUNT; intent=edit_account
169,i do not kniw what i need to do to speak with a human agent,HARD_QUESTION,Bitext Customer Support Intent Dataset,category=CONTACT; intent=contact_human_agent
937,for the most sparkling shopping breaks from per person; call or visit,SPAM,UCI SMS Spam Collection,spam
3279,i want help speaking with an operator,HARD_QUESTION,Bitext Customer Support Intent Dataset,category=CONTACT; intent=contact_human_agent
1660,i need assistance to talk tl an agent,HARD_QUESTION,Bitext Customer Support Intent Dataset,category=CONTACT; intent=contact_human_agent
503,"i ain't registered, assistance opening an account with you",FAQ,Bitext Customer Support Intent Dataset,category=ACCOUNT; intent=create_account
529,"free-message: jamster!get the crazy frog sound now! for poly text mad, for real text mad to . crazy sounds for just gbp/week! only! tc's apply",SPAM,UCI SMS Spam Collection,spam
2679,look up articles on squealing brakes for ford f-'s,UNKNOWN,CLINC OOS Dataset (test),oos
1677,i am waiting for an bloody restitution of dollars,ACCOUNT_OPS,Bitext Customer Support Intent Dataset,category=REFUND; intent=track_refund
1691,can you help me to speak with customer assistance?,HARD_QUESTION,Bitext Customer Support Intent Dataset,category=CONTACT; intent=contact_customer_service
2981,can i see how soon can i expect the fucking item?,FAQ,Bitext Customer Support Intent Dataset,category=DELIVERY; intent=delivery_period
763,give me a recommendation for a local landscaper,UNKNOWN,CLINC OOS Dataset (test),oos
310,i do not know how i could buy an article,ACCOUNT_OPS,Bitext Customer Support Intent Dataset,category=ORDER; intent=place_order
1096,can uhelp me ot check the goddamn early exit penalties,FAQ,Bitext Customer Support Intent Dataset,category=CANCEL; intent=check_cancellation_fee
1522,what does the plus sign mean on my dashboard,UNKNOWN,CLINC OOS Dataset (test),oos
514,can you help me reporting an error with online payment?,ACCOUNT_OPS,Bitext Customer Support Intent Dataset,category=PAYMENT; intent=payment_issue
1456,how is crypto legal,UNKNOWN,CLINC OOS Dataset (validation),oos
2720,want help opening a account for my daughter,FAQ,Bitext Customer Support Intent Dataset,category=ACCOUNT; intent=create_account
1149,delete account,FAQ,Bitext Customer Support Intent Dataset,category=ACCOUNT; intent=delete_account
292,who was the first person to discover cells,UNKNOWN,CLINC OOS Dataset (test),oos
364,i need assistance to set up the new shipping address,FAQ,Bitext Customer Support Intent Dataset,category=SHIPPING; intent=set_up_shipping_address
2272,"i have to sign up to your corporate newsletter, help me",ACCOUNT_OPS,Bitext Customer Support Intent Dataset,category=SUBSCRIPTION; intent=newsletter_subscription
343,where do i earn some products?,ACCOUNT_OPS,Bitext Customer Support Intent Dataset,category=ORDER; intent=place_order
1254,freemsg:feelin kinda lnly hope u like keep me company! jst got a cam moby wanna c my pic?txt or reply date to msgp rcv hlp stop to,SPAM,UCI SMS Spam Collection,spam
2531,"i paid for an article, i want help to get a refund",ACCOUNT_OPS,Bitext Customer Support Intent Dataset,category=REFUND; intent=get_refund
383,i need help to see at what time i can reach customer service,HARD_QUESTION,Bitext Customer Support Intent Dataset,category=CONTACT; intent=contact_customer_service
507,compile a folder of paintings of sparta,UNKNOWN,CLINC OOS Dataset (test),oos
3216,help to chat with a damn operator,HARD_QUESTION,Bitext Customer Support Intent Dataset,category=CONTACT; intent=contact_human_agent
1373,where can i make a customer complaint against your business?,FAQ,Bitext Customer Support Intent Dataset,category=FEEDBACK; intent=complaint
1278,i need help giving a quick look at the invoice,ACCOUNT_OPS,Bitext Customer Support Intent Dataset,category=INVOICE; intent=check_invoice
1948,i have a error changing the delivery address,FAQ,Bitext Customer Support Intent Dataset,category=SHIPPING; intent=change_shipping_address
687,assistance ordering several of ur product,ACCOUNT_OPS,Bitext Customer Support Intent Dataset,category=ORDER; intent=place_order
2933,"hi ya babe x u goten bout me?' scammers getting smart..though this is a regular vodafone no, if you respond you get further prem rate msg/subscription. other nos used also. beware!",SPAM,UCI SMS Spam Collection,spam
2574,how do i see my invoice from ?,ACCOUNT_OPS,Bitext Customer Support Intent Dataset,category=INVOICE; intent=check_invoice
1814,i do not know how i can chat with an operator,HARD_QUESTION,Bitext Customer Support Intent Dataset,category=CONTACT; intent=contact_human_agent
2995,i need help switching several items of order,ACCOUNT_OPS,Bitext Customer Support Intent Dataset,category=ORDER; intent=change_order
2843,what is the origin of the name michael,UNKNOWN,CLINC OOS Dataset (train),oos
2840,"i lost the access key of my user profile, help to recover it",FAQ,Bitext Customer Support Intent Dataset,category=ACCOUNT; intent=recover_password
2386,where is the dipstick,UNKNOWN,CLINC OOS Dataset (train),oos
1666,what is the most popular airline,UNKNOWN,CLINC OOS Dataset (train),oos
905,"i can't afford purchase , i need help canceling it",ACCOUNT_OPS,Bitext Customer Support Intent Dataset,category=ORDER; intent=cancel_order
2913,i would like to talk to a operator,HARD_QUESTION,Bitext Customer Support Intent Dataset,category=CONTACT; intent=contact_human_agent
563,big brother alert! the computer has selected u for k cash or voucher. call . ntt po box cro bt landline cost ppm mobiles vary,SPAM,UCI SMS Spam Collection,spam
2447,what is order status,ACCOUNT_OPS,Bitext Customer Support Intent Dataset,category=ORDER; intent=track_order
3069,i need information about the termination of my account,FAQ,Bitext Customer Support Intent Dataset,category=ACCOUNT; intent=delete_account
3105,hard live chat just p/min. choose your girl and connect live. call now! cheap chat uk's biggest live service. vu bcmwcnxx,SPAM,UCI SMS Spam Collection,spam
1107,help me notifying of a problem with online payment,ACCOUNT_OPS,Bitext Customer Support Intent Dataset,category=PAYMENT; intent=payment_issue
1218,clsoe standard account,FAQ,Bitext Customer Support Intent Dataset,category=ACCOUNT; intent=delete_account
2924,seeing invoice,ACCOUNT_OPS,Bitext Customer Support Intent Dataset,category=INVOICE; intent=check_invoice
987,find me a good band instructor or two to compare in my area,UNKNOWN,CLINC OOS Dataset (test),oos
1926,where can i get information about opening accounts?,FAQ,Bitext Customer Support Intent Dataset,category=ACCOUNT; intent=create_account
1992,tell me what hours i can reach customer service,HARD_QUESTION,Bitext Customer Support Intent Dataset,category=CONTACT; intent=contact_customer_service
1405,"i want to get in touch with customer assistance, i need help",HARD_QUESTION,Bitext Customer Support Intent Dataset,category=CONTACT; intent=contact_customer_service
795,how do i get rid of an itchy rash,UNKNOWN,CLINC OOS Dataset (test),oos
1196,how many people die each year while skydiving,UNKNOWN,CLINC OOS Dataset (test),oos
431,"spjanuary male sale! hot gay chat now cheaper, call . national rate from .p/min cheap to .p/min peak! to stop texts call (p/min)",SPAM,UCI SMS Spam Collection,spam
1430,i want help changing the bloody delivery address,FAQ,Bitext Customer Support Intent Dataset,category=SHIPPING; intent=change_shipping_address
1123,i don't know what i need to do to check the early exit fee,FAQ,Bitext Customer Support Intent Dataset,category=CANCEL; intent=check_cancellation_fee
163,"i have lost bill , can you show it to me?",ACCOUNT_OPS,Bitext Customer Support Intent Dataset,category=INVOICE; intent=check_invoice
2550,i have got to submit my feedback,FAQ,Bitext Customer Support Intent Dataset,category=FEEDBACK; intent=review
2018,how can i speak with an agent?,HARD_QUESTION,Bitext Customer Support Intent Dataset,category=CONTACT; intent=contact_human_agent
1266,what new reality shows are there for,UNKNOWN,CLINC OOS Dataset (validation),oos
773,i do not know how i can cancel a platinum account,FAQ,Bitext Customer Support Intent Dataset,category=ACCOUNT; intent=delete_account
1401,what's the best career search website,UNKNOWN,CLINC OOS Dataset (test),oos
1985,assistance to see what hours i can contact customersupport,HARD_QUESTION,Bitext Customer Support Intent Dataset,category=CONTACT; intent=contact_customer_service
751,"last chance! claim ur worth of discount vouchers today! text shop to now! savamob, offers mobile! t cs savamob pobox, muz. . sub.",SPAM,UCI SMS Spam Collection,spam
1388,i do not know how i can talk with a human agent,HARD_QUESTION,Bitext Customer Support Intent Dataset,category=CONTACT; intent=contact_human_agent
1240,what is harry's real name,UNKNOWN,CLINC OOS Dataset (test),oos
3044,i do not understand ya is it possible to speak to osmebody,HARD_QUESTION,Bitext Customer Support Intent Dataset,category=CONTACT; intent=contact_human_agent
1891,what languages are considered semitic,UNKNOWN,CLINC OOS Dataset (train),oos
2612,what do i have to do to unsubscribe to your newsletter?,ACCOUNT_OPS,Bitext Customer Support Intent Dataset,category=SUBSCRIPTION; intent=newsletter_subscription
3098,i do not know what to do to submit a bloody delivery address,FAQ,Bitext Customer Support Intent Dataset,category=SHIPPING; intent=set_up_shipping_address
3383,i dont know how i can speak to customer support,HARD_QUESTION,Bitext Customer Support Intent Dataset,category=CONTACT; intent=contact_customer_service
121,i want assistance entering the new delivery address,FAQ,Bitext Customer Support Intent Dataset,category=SHIPPING; intent=set_up_shipping_address
1160,free for st week! no nokia tone ur mob every week just txt nokia to get txting and tell ur mates pobox wwq normp/tone,SPAM,UCI SMS Spam Collection,spam
2891,urgent! your mobile number has been awarded with a bonus caller prize. call from land line. valid hrs only,SPAM,UCI SMS Spam Collection,spam
2203,show me new cars with the highest safety rating,UNKNOWN,CLINC OOS Dataset (test),oos
1463,can ya help me speak to customer service,HARD_QUESTION,Bitext Customer Support Intent Dataset,category=CONTACT; intent=contact_customer_service
2836,had your mobile mths ? update for free to oranges latest colour camera mobiles unlimited weekend calls. call mobile upd on freefone or stoptxt,SPAM,UCI SMS Spam Collection,spam
3223,"i lost my access key, help me retrieving it",FAQ,Bitext Customer Support Intent Dataset,category=ACCOUNT; intent=recover_password
684,is it possible to check the eta oif order,ACCOUNT_OPS,Bitext Customer Support Intent Dataset,category=ORDER; intent=track_order
2606,marvel mobile play the official ultimate spider-man game (.) on ur mobile right now. text spider to for the game we ll send u a free ball wallpaper,SPAM,UCI SMS Spam Collection,spam
2296,xmas iscoming ur awarded either cd gift vouchers free entry r weekly draw txt music to tnc,SPAM,UCI SMS Spam Collection,spam
2887,need help to talk with a person,HARD_QUESTION,Bitext Customer Support Intent Dataset,category=CONTACT; intent=contact_human_agent
254,win a year supply of cds a store of ur choice worth enter our weekly draw txt music to tscs,SPAM,UCI SMS Spam Collection,spam
1997,help me unsubscribnig to your company newsletter,ACCOUNT_OPS,Bitext Customer Support Intent Dataset,category=SUBSCRIPTION; intent=newsletter_subscription
94,what's the order of the circle of fifths,UNKNOWN,CLINC OOS Dataset (train),oos
375,what do you do if your cat eats an octopus,UNKNOWN,CLINC OOS Dataset (test),oos
2739,can i talk with an assistant?,HARD_QUESTION,Bitext Customer Support Intent Dataset,category=CONTACT; intent=contact_human_agent
3313,i want to speak to customer assistance,HARD_QUESTION,Bitext Customer Support Intent Dataset,category=CONTACT; intent=contact_customer_service
1998,"has there ever been total world peace, where no nations in the world are at war",UNKNOWN,CLINC OOS Dataset (test),oos
1053,i'm waiting for a reimbursement of,ACCOUNT_OPS,Bitext Customer Support Intent Dataset,category=REFUND; intent=track_refund
3172,i have a trouble setting my secondary shipping address up,FAQ,Bitext Customer Support Intent Dataset,category=SHIPPING; intent=set_up_shipping_address
1803,i dont know how to open a gold account,FAQ,Bitext Customer Support Intent Dataset,category=ACCOUNT; intent=create_account
1790,i need to receive thecorporate newsletter,ACCOUNT_OPS,Bitext Customer Support Intent Dataset,category=SUBSCRIPTION; intent=newsletter_subscription
569,need assistance contacting an operator,HARD_QUESTION,Bitext Customer Support Intent Dataset,category=CONTACT; intent=contact_human_agent
2714,how can i speak to customer assistance?,HARD_QUESTION,Bitext Customer Support Intent Dataset,category=CONTACT; intent=contact_customer_service
690,guess what! somebody you know secretly fancies you! wanna find out who it is? give us a call on from landline dateboxessexcmxn p/min,SPAM,UCI SMS Spam Collection,spam
1587,what zelda games are available on the switch,UNKNOWN,CLINC OOS Dataset (test),oos
1380,you have won a guaranteed cash or a prize. to claim yr prize call our customer service representative on between am-pm,SPAM,UCI SMS Spam Collection,spam
77,dear u've been invited to xchat. this is our final attempt to contact u! txt chat to p/msgrcvdhg/suite/lands/row/wjhl ldn yrs,SPAM,UCI SMS Spam Collection,spam
995,"u r subscribed textcomp wkly comp. st wk?s free question follows, subsequent wks chargedp/msg. unsubscribe txt stop ,custcare",SPAM,UCI SMS Spam Collection,spam
192,checking current status of purchase,ACCOUNT_OPS,Bitext Customer Support Intent Dataset,category=ORDER; intent=track_order
1805,i need help getting my goddamn invoice from,ACCOUNT_OPS,Bitext Customer Support Intent Dataset,category=INVOICE; intent=get_invoice
1065,want assistance to switch to the premium account,FAQ,Bitext Customer Support Intent Dataset,category=ACCOUNT; intent=switch_account
2526,gent! we are trying to contact you. last weekends draw shows that you won a prize guaranteed. call . claim code k. valid hrs only. ppm,SPAM,UCI SMS Spam Collection,spam
1740,which nations were on each side of the conflict in world war ii,UNKNOWN,CLINC OOS Dataset (train),oos
3407,need assistance to file a consumer cclaim,FAQ,Bitext Customer Support Intent Dataset,category=FEEDBACK; intent=complaint
1317,i try to see how soon can i expect the parcel,FAQ,Bitext Customer Support Intent Dataset,category=DELIVERY; intent=delivery_period
1700,help seeing the current status of purchase,ACCOUNT_OPS,Bitext Customer Support Intent Dataset,category=ORDER; intent=track_order
200,i do not know what i have to do to talk to customer suppory,HARD_QUESTION,Bitext Customer Support Intent Dataset,category=CONTACT; intent=contact_customer_service
1243,help speaking to a human agent,HARD_QUESTION,Bitext Customer Support Intent Dataset,category=CONTACT; intent=contact_human_agent
2879,want assistance to make a reclamation against ur business,FAQ,Bitext Customer Support Intent Dataset,category=FEEDBACK; intent=complaint
2676,do you know where the remote is,UNKNOWN,CLINC OOS Dataset (test),oos
1238,uhave a free number to talk to customer support,HARD_QUESTION,Bitext Customer Support Intent Dataset,category=CONTACT; intent=contact_customer_service
574,can you help me check the eta of the purchase ?,ACCOUNT_OPS,Bitext Customer Support Intent Dataset,category=ORDER; intent=track_order
2180,do sets of set-ups each morning til you have completed your goal,UNKNOWN,CLINC OOS Dataset (test),oos
819,what year was star trek released,UNKNOWN,CLINC OOS Dataset (train),oos
929,want explicit sex in secs? ring now! costs p/min,SPAM,UCI SMS Spam Collection,spam
2568,can you tell me how to solve simple algebraic equations with one variable,UNKNOWN,CLINC OOS Dataset (test),oos
2970,promotion number: - ur awarded a city break and could win a summer shopping spree every wk. txt store to . skilgme. tscswinawk!age .perwksub,SPAM,UCI SMS Spam Collection,spam
2364,what does it mean to have equality,UNKNOWN,CLINC OOS Dataset (validation),oos
1275,i do not know how i can sign up to ur company newsletter,ACCOUNT_OPS,Bitext Customer Support Intent Dataset,category=SUBSCRIPTION; intent=newsletter_subscription
3177,what should i do if it hurts when i pee,UNKNOWN,CLINC OOS Dataset (test),oos
635,i cannot talk to somebody,HARD_QUESTION,Bitext Customer Support Intent Dataset,category=CONTACT; intent=contact_human_agent
341,what do you call someone who was born in segovia,UNKNOWN,CLINC OOS Dataset (train),oos
3106,interflora - it's not too late to order interflora flowers for christmas call to place your order before midnight tomorrow.,SPAM,UCI SMS Spam Collection,spam
2577,"i have to shop a product, help me",ACCOUNT_OPS,Bitext Customer Support Intent Dataset,category=ORDER; intent=place_order
2261,help me seeing what hours customer support available is,HARD_QUESTION,Bitext Customer Support Intent Dataset,category=CONTACT; intent=contact_customer_service
2202,please check up on my son's homework,UNKNOWN,CLINC OOS Dataset (test),oos
27,"had your mobile mths? update to the latest camera/video phones for free. keep ur same number, get extra free mins/texts. text yes for a call",SPAM,UCI SMS Spam Collection,spam
2497,what are apartment prices now,UNKNOWN,CLINC OOS Dataset (test),oos
1138,who won in the gsw vs suns game last night,UNKNOWN,CLINC OOS Dataset (test),oos
1500,how to remove a stripped bolt,UNKNOWN,CLINC OOS Dataset (test),oos
2044,who created the world in greek mythology,UNKNOWN,CLINC OOS Dataset (test),oos
2232,freemsg hi baby wow just got a new cam moby. wanna c a hot pic? or fancy a chat?im win utxt / rply chat to hlp msgp rcv,SPAM,UCI SMS Spam Collection,spam
2457,what side in chess has the general advantage,UNKNOWN,CLINC OOS Dataset (validation),oos
1189,i don't know how i can chat with someone,HARD_QUESTION,Bitext Customer Support Intent Dataset,category=CONTACT; intent=contact_human_agent
2411,help me informing of an issue with payment,ACCOUNT_OPS,Bitext Customer Support Intent Dataset,category=PAYMENT; intent=payment_issue
1584,i do not know what to do to submit my new shipping address,FAQ,Bitext Customer Support Intent Dataset,category=SHIPPING; intent=set_up_shipping_address
2135,"i have got to see how long refunds take, will you help me?",ACCOUNT_OPS,Bitext Customer Support Intent Dataset,category=REFUND; intent=check_refund_policy
903,forward the text i just got from henry to giselle,UNKNOWN,CLINC OOS Dataset (test),oos
3102,i dont know what to do to talk to customer support,HARD_QUESTION,Bitext Customer Support Intent Dataset,category=CONTACT; intent=contact_customer_service
463,"how can i protect myself from ""nigerian prince"" scams",UNKNOWN,CLINC OOS Dataset (train),oos
1182,i try to chat with an operator,HARD_QUESTION,Bitext Customer Support Intent Dataset,category=CONTACT; intent=contact_human_agent
2065,i have got to see what hours i can call customer service,HARD_QUESTION,Bitext Customer Support Intent Dataset,category=CONTACT; intent=contact_customer_service
323,i have got to talk with an operator,HARD_QUESTION,Bitext Customer Support Intent Dataset,category=CONTACT; intent=contact_human_agent
1528,is it possible to see what delivery options i have?,FAQ,Bitext Customer Support Intent Dataset,category=DELIVERY; intent=delivery_options
1216,i need assistance checking when my parcel is gonna arrive,FAQ,Bitext Customer Support Intent Dataset,category=DELIVERY; intent=delivery_period
303,find out for me as to why people get autism,UNKNOWN,CLINC OOS Dataset (validation),oos
596,editting details on gold account,FAQ,Bitext Customer Support Intent Dataset,category=ACCOUNT; intent=edit_account
3124,help me to see what hours i can contact customer service,HARD_QUESTION,Bitext Customer Support Intent Dataset,category=CONTACT; intent=contact_customer_service
2141,want assistance to see how long reimbirsements take,ACCOUNT_OPS,Bitext Customer Support Intent Dataset,category=REFUND; intent=check_refund_policy
997,what should you do if you can't be bothered to get out of bed,UNKNOWN,CLINC OOS Dataset (test),oos
1662,talk sexy!! make new friends or fall in love in the worlds most discreet text dating service. just text vip to and see who you could meet.,SPAM,UCI SMS Spam Collection,spam
1602,i have to talk to customer service,HARD_QUESTION,Bitext Customer Support Intent Dataset,category=CONTACT; intent=contact_customer_service
2806,could ya help me infofming of a sign-up issue,FAQ,Bitext Customer Support Intent Dataset,category=ACCOUNT; intent=registration_problems
312,what's the best hand to have in texas hold em,UNKNOWN,CLINC OOS Dataset (test),oos
154,"sppok up ur mob with a halloween collection of nokia logopic message plus a free eerie tone, txt card spook to",SPAM,UCI SMS Spam Collection,spam
3122,what's the chemical composition of a fart,UNKNOWN,CLINC OOS Dataset (test),oos
218,look up how to apply cream to smooth itchiness,UNKNOWN,CLINC OOS Dataset (test),oos
3085,checking invoices from last month,ACCOUNT_OPS,Bitext Customer Support Intent Dataset,category=INVOICE; intent=check_invoice
2555,are there any new job postings in my area in the last hour for jobs on craigslist,UNKNOWN,CLINC OOS Dataset (test),oos
974,i do not know how to see your money back guarantee,ACCOUNT_OPS,Bitext Customer Support Intent Dataset,category=REFUND; intent=check_refund_policy
2935,can you help me to lodge a customer reclamation?,FAQ,Bitext Customer Support Intent Dataset,category=FEEDBACK; intent=complaint
1634,"you aren't helpful at all, assistance to talk to somebody",HARD_QUESTION,Bitext Customer Support Intent Dataset,category=CONTACT; intent=contact_human_agent
1325,want help asking for reimbursements,ACCOUNT_OPS,Bitext Customer Support Intent Dataset,category=REFUND; intent=get_refund
2644,what do geese eat,UNKNOWN,CLINC OOS Dataset (validation),oos
2829,assistance to file a claim against ur company,FAQ,Bitext Customer Support Intent Dataset,category=FEEDBACK; intent=complaint
1530,what are popular sports magazines,UNKNOWN,CLINC OOS Dataset (test),oos
12,i have to check bill can i get some help,ACCOUNT_OPS,Bitext Customer Support Intent Dataset,category=INVOICE; intent=check_invoice
2125,"hot live fantasies call now just p per min ntt ltd, po box croydon cr wb is a national rate call",SPAM,UCI SMS Spam Collection,spam
3131,when was the last worker's strike in amsterdam,UNKNOWN,CLINC OOS Dataset (train),oos
1034,help seeing at what time customer service available is,HARD_QUESTION,Bitext Customer Support Intent Dataset,category=CONTACT; intent=contact_customer_service
2592,urgent! we are trying to contact u todays draw shows that you have won a prize guaranteed. call from land line. claim j. po boxcpm,SPAM,UCI SMS Spam Collection,spam
616,i do not know what i have to do to talk wiyh a live agent,HARD_QUESTION,Bitext Customer Support Intent Dataset,category=CONTACT; intent=contact_human_agent
1005,i don't know how i can write a comment for a product,FAQ,Bitext Customer Support Intent Dataset,category=FEEDBACK; intent=review
164,i have troubles editing the address,FAQ,Bitext Customer Support Intent Dataset,category=SHIPPING; intent=change_shipping_address
1370,can i create a different bloody account for my father?,FAQ,Bitext Customer Support Intent Dataset,category=ACCOUNT; intent=create_account
1824,i have got to make an order,ACCOUNT_OPS,Bitext Customer Support Intent Dataset,category=ORDER; intent=place_order
2187,i do not know what i need to do to chat with a live agent,HARD_QUESTION,Bitext Customer Support Intent Dataset,category=CONTACT; intent=contact_human_agent
220,how the birds fly,UNKNOWN,CLINC OOS Dataset (validation),oos
1139,can you help me study for a history exam,UNKNOWN,CLINC OOS Dataset (train),oos
1728,"i have to call customer service, could you help me?",HARD_QUESTION,Bitext Customer Support Intent Dataset,category=CONTACT; intent=contact_customer_service
3099,report issue with registration,FAQ,Bitext Customer Support Intent Dataset,category=ACCOUNT; intent=registration_problems
2936,can i talk with someone?,HARD_QUESTION,Bitext Customer Support Intent Dataset,category=CONTACT; intent=contact_human_agent
1970,is there a vaccine for ebola,UNKNOWN,CLINC OOS Dataset (test),oos
171,i need to update my address,UNKNOWN,CLINC OOS Dataset (test),oos
717,sex up ur mobile with a free sexy pic of jordan! just text babe to . then every wk get a sexy celeb! pocketbabe.co.uk more pics. /wk,SPAM,UCI SMS Spam Collection,spam
952,freemsg: our records indicate you may be entitled to pounds for the accident you had. to claim for free reply with yes to this msg. to opt out text stop,SPAM,UCI SMS Spam Collection,spam
591,do you have a toll-free number to contact customer support?,HARD_QUESTION,Bitext Customer Support Intent Dataset,category=CONTACT; intent=contact_customer_service
2632,getting bills from,ACCOUNT_OPS,Bitext Customer Support Intent Dataset,category=INVOICE; intent=get_invoice
1808,customer service annoncement. you have a new years delivery waiting for you. please call now to arrange delivery,SPAM,UCI SMS Spam Collection,spam
1384,are there any sales on groceries today,UNKNOWN,CLINC OOS Dataset (test),oos
1049,need help checking what shipment options i have,FAQ,Bitext Customer Support Intent Dataset,category=DELIVERY; intent=delivery_options
2099,i have an error editing the delivery address,FAQ,Bitext Customer Support Intent Dataset,category=SHIPPING; intent=change_shipping_address
2299,is there an e-mail to submit my feedback about your company?,FAQ,Bitext Customer Support Intent Dataset,category=FEEDBACK; intent=review
2571,"i lost my invoices from , show them to me",ACCOUNT_OPS,Bitext Customer Support Intent Dataset,category=INVOICE; intent=check_invoice
2340,help me seeing in which situations can i ask for a refund,ACCOUNT_OPS,Bitext Customer Support Intent Dataset,category=REFUND; intent=check_refund_policy
2838,as a registered optin subscriber ur draw gift voucher will be entered on receipt of a correct ans to whats no in the bbc charts,SPAM,UCI SMS Spam Collection,spam
2227,what articles are written at the cnn site about the women's march,UNKNOWN,CLINC OOS Dataset (test),oos
426,what are sigmund freud's most famous books,UNKNOWN,CLINC OOS Dataset (test),oos
1003,contacting live agent,HARD_QUESTION,Bitext Customer Support Intent Dataset,category=CONTACT; intent=contact_human_agent
348,where do i cherck at what time i can call customer service,HARD_QUESTION,Bitext Customer Support Intent Dataset,category=CONTACT; intent=contact_customer_service
2506,want help to report a trouble with online payment,ACCOUNT_OPS,Bitext Customer Support Intent Dataset,category=PAYMENT; intent=payment_issue
739,no polyphonic tone ur mob every week! just txt pt to . st tone free ! so get txtin now and tell ur friends. p/tone. reply hl info,SPAM,UCI SMS Spam Collection,spam
389,"i need to see purchase status, how to do it?",ACCOUNT_OPS,Bitext Customer Support Intent Dataset,category=ORDER; intent=track_order
511,where can i receive a rebate of my money?,ACCOUNT_OPS,Bitext Customer Support Intent Dataset,category=REFUND; intent=get_refund
88,i do not know what to do to purchase several of ur product,ACCOUNT_OPS,Bitext Customer Support Intent Dataset,category=ORDER; intent=place_order
2562,there is an issue submitting my secondary delivery address,FAQ,Bitext Customer Support Intent Dataset,category=SHIPPING; intent=set_up_shipping_address
3153,can i speak with an assistant,HARD_QUESTION,Bitext Customer Support Intent Dataset,category=CONTACT; intent=contact_human_agent
3278,i'm trying to rset the pwd of my user profile,FAQ,Bitext Customer Support Intent Dataset,category=ACCOUNT; intent=recover_password
492,could you help me to talk to a person?,HARD_QUESTION,Bitext Customer Support Intent Dataset,category=CONTACT; intent=contact_human_agent
1686,"freemsg hey there darling it's been week's now and no word back! i'd like some fun you up for it still? tb ok! xxx std chgs to send, . to rcv",SPAM,UCI SMS Spam Collection,spam
1390,i want to talk with someone,HARD_QUESTION,Bitext Customer Support Intent Dataset,category=CONTACT; intent=contact_human_agent
2053,i want help cancelling my newsletter subscription,ACCOUNT_OPS,Bitext Customer Support Intent Dataset,category=SUBSCRIPTION; intent=newsletter_subscription
656,i do not know what i need to do to talk to an assistant,HARD_QUESTION,Bitext Customer Support Intent Dataset,category=CONTACT; intent=contact_human_agent
3066,"i have to set a shipping address up, i need assistance",FAQ,Bitext Customer Support Intent Dataset,category=SHIPPING; intent=set_up_shipping_address
636,cancel my subscription to scientific american,UNKNOWN,CLINC OOS Dataset (test),oos
3352,i do not know what i have to do to shop some articles,ACCOUNT_OPS,Bitext Customer Support Intent Dataset,category=ORDER; intent=place_order
1817,i do not know what i have to do to cal customer service,HARD_QUESTION,Bitext Customer Support Intent Dataset,category=CONTACT; intent=contact_customer_service
3295,i do not know how i can restore the pin code of my profile,FAQ,Bitext Customer Support Intent Dataset,category=ACCOUNT; intent=recover_password
2395,i try to see what hours i can call customer support,HARD_QUESTION,Bitext Customer Support Intent Dataset,category=CONTACT; intent=contact_customer_service
306,which piano is best for classical,UNKNOWN,CLINC OOS Dataset (train),oos
470,asked mobile if chatlines inclu in free mins. india cust servs sed yes. ler got mega bill. dont giv a shit. bailiff due in days. i o want,SPAM,UCI SMS Spam Collection,spam
880,i am looking for information about correcting my address,FAQ,Bitext Customer Support Intent Dataset,category=SHIPPING; intent=change_shipping_address
2811,would it be possible to notify of sign-up issues?,FAQ,Bitext Customer Support Intent Dataset,category=ACCOUNT; intent=registration_problems
2439,i have to check in which cases can i request refunds,ACCOUNT_OPS,Bitext Customer Support Intent Dataset,category=REFUND; intent=check_refund_policy
1833,i do not know how to report an issue wiht a sign-up,FAQ,Bitext Customer Support Intent Dataset,category=ACCOUNT; intent=registration_problems
2200,hi its lucy hubby at meetins all day fri i will b alone at hotel u fancy cumin over? pls leave msg day lucy x calls/minmobsmorelkpoboxhpfl,SPAM,UCI SMS Spam Collection,spam
1466,"i don't need my damn standard account, i have to remove it",FAQ,Bitext Customer Support Intent Dataset,category=ACCOUNT; intent=delete_account
2598,i don't know what i need to do to contact customer service,HARD_QUESTION,Bitext Customer Support Intent Dataset,category=CONTACT; intent=contact_customer_service
2244,"i have lost my account access key, i need help to reset it",FAQ,Bitext Customer Support Intent Dataset,category=ACCOUNT; intent=recover_password
2790,how do i see at what time customer support availabl is,HARD_QUESTION,Bitext Customer Support Intent Dataset,category=CONTACT; intent=contact_customer_service
133,how many prime numbers are there between and,UNKNOWN,CLINC OOS Dataset (test),oos
693,i try to see under which circumstances can i ask for refunds,ACCOUNT_OPS,Bitext Customer Support Intent Dataset,category=REFUND; intent=check_refund_policy
1829,"new tones this week include: )mcfly-all ab.., ) sara jorge-shock.. ) will smith-switch.. to order follow instructions on next message",SPAM,UCI SMS Spam Collection,spam
3208,i need help to speak to a bloody human agent,HARD_QUESTION,Bitext Customer Support Intent Dataset,category=CONTACT; intent=contact_human_agent
1956,sunshine quiz wkly q! win a top sony dvd player if u know which country the algarve is in? txt ansr to . . sp:tyrone,SPAM,UCI SMS Spam Collection,spam
1984,"sms. ac blind date u!: rodds is /m from aberdeen, united kingdom. check him out sms. ac/w/icmbcktzr!- no blind dates send hide",SPAM,UCI SMS Spam Collection,spam
823,help to use the bloody gold profile,FAQ,Bitext Customer Support Intent Dataset,category=ACCOUNT; intent=switch_account
2575,i have got to make a customer claim against your business,FAQ,Bitext Customer Support Intent Dataset,category=FEEDBACK; intent=complaint
235,i want to see what payment options you accept,ACCOUNT_OPS,Bitext Customer Support Intent Dataset,category=PAYMENT; intent=check_payment_methods
2169,can you detect where i placed my wallet,UNKNOWN,CLINC OOS Dataset (test),oos
3399,i need help cancelling my bloody newsletter subscription,ACCOUNT_OPS,Bitext Customer Support Intent Dataset,category=SUBSCRIPTION; intent=newsletter_subscription
1621,assistance to see at what time i can reach customer support,HARD_QUESTION,Bitext Customer Support Intent Dataset,category=CONTACT; intent=contact_customer_service
1631,i have to see how long refunds take how do i do it,ACCOUNT_OPS,Bitext Customer Support Intent Dataset,category=REFUND; intent=check_refund_policy
206,what years has korea been at war,UNKNOWN,CLINC OOS Dataset (train),oos
2207,what films are in the running for best song at this year's oscars,UNKNOWN,CLINC OOS Dataset (test),oos
3291,find information about lost access key,FAQ,Bitext Customer Support Intent Dataset,category=ACCOUNT; intent=recover_password
735,you have won a guaranteed award or even cashto claim ur award call free on () stop getstop on php,SPAM,UCI SMS Spam Collection,spam
1925,i dont know how i can speak with customer service,HARD_QUESTION,Bitext Customer Support Intent Dataset,category=CONTACT; intent=contact_customer_service
2285,i have got to download my goddamn invoice from,ACCOUNT_OPS,Bitext Customer Support Intent Dataset,category=INVOICE; intent=get_invoice
2194,"you are guaranteed the latest nokia phone, a gb ipod mp player or a prize! txt word: collect to no: ! ibhltd ldnwh p/mtmsgrcvd",SPAM,UCI SMS Spam Collection,spam
1778,making purchase,ACCOUNT_OPS,Bitext Customer Support Intent Dataset,category=ORDER; intent=place_order
617,need help notifying of an issue with payments,ACCOUNT_OPS,Bitext Customer Support Intent Dataset,category=PAYMENT; intent=payment_issue
943,i want help canceling thecompany newsletter subscription,ACCOUNT_OPS,Bitext Customer Support Intent Dataset,category=SUBSCRIPTION; intent=newsletter_subscription
153,can i speak with somebody?,HARD_QUESTION,Bitext Customer Support Intent Dataset,category=CONTACT; intent=contact_human_agent
415,i need help contacting a human agent,HARD_QUESTION,Bitext Customer Support Intent Dataset,category=CONTACT; intent=contact_human_agent
706,"i have to submit my new shipping address, how to do it?",FAQ,Bitext Customer Support Intent Dataset,category=SHIPPING; intent=set_up_shipping_address
2642,how do i get in touch with customer support?,HARD_QUESTION,Bitext Customer Support Intent Dataset,category=CONTACT; intent=contact_customer_service
3067,get ibll,ACCOUNT_OPS,Bitext Customer Support Intent Dataset,category=INVOICE; intent=get_invoice
2071,missed call alert. these numbers called but left no message.,SPAM,UCI SMS Spam Collection,spam
2664,i try to see in what situations can i ask for reimbursements,ACCOUNT_OPS,Bitext Customer Support Intent Dataset,category=REFUND; intent=check_refund_policy
172,"i need to order a product, how do i do it?",ACCOUNT_OPS,Bitext Customer Support Intent Dataset,category=ORDER; intent=place_order
747,i do not know what i have to do to chat with an operator,HARD_QUESTION,Bitext Customer Support Intent Dataset,category=CONTACT; intent=contact_human_agent
1004,does hypnosis work to break bad habits,UNKNOWN,CLINC OOS Dataset (validation),oos
1374,leave review about a service,FAQ,Bitext Customer Support Intent Dataset,category=FEEDBACK; intent=review
404,what do i have to do to talk with a live agent?,HARD_QUESTION,Bitext Customer Support Intent Dataset,category=CONTACT; intent=contact_human_agent
394,need help unsubscribing from ur newsletter,ACCOUNT_OPS,Bitext Customer Support Intent Dataset,category=SUBSCRIPTION; intent=newsletter_subscription
3123,i need assistance to speak to an operator,HARD_QUESTION,Bitext Customer Support Intent Dataset,category=CONTACT; intent=contact_human_agent
3238,how can i see if there is anything wrong with my rebate?,ACCOUNT_OPS,Bitext Customer Support Intent Dataset,category=REFUND; intent=track_refund
1402,"urgent! your mobile no was awarded a , bonus caller prize on //! this is our nd attempt to contact you! call -- boxqu bt national rate",SPAM,UCI SMS Spam Collection,spam
47,i have lost my pwd could i reset it,FAQ,Bitext Customer Support Intent Dataset,category=ACCOUNT; intent=recover_password
1040,"i need to write a review about a service, how to do it?",FAQ,Bitext Customer Support Intent Dataset,category=FEEDBACK; intent=review
1555,need assistance to find my fucking bill from,ACCOUNT_OPS,Bitext Customer Support Intent Dataset,category=INVOICE; intent=check_invoice
1819,"i get an error when i try to make a payment, inform of it",ACCOUNT_OPS,Bitext Customer Support Intent Dataset,category=PAYMENT; intent=payment_issue
3039,need assistance checking my refund current status,ACCOUNT_OPS,Bitext Customer Support Intent Dataset,category=REFUND; intent=track_refund
1689,dorothykiefer.com (bank of granite issues strong-buy) explosive pick for our members up over nasdaq symbol cdgt that is a . per..,SPAM,UCI SMS Spam Collection,spam
2310,i need to see in which situations can i ask for a refund,ACCOUNT_OPS,Bitext Customer Support Intent Dataset,category=REFUND; intent=check_refund_policy
1130,i want assistance to check the eta of purchase,ACCOUNT_OPS,Bitext Customer Support Intent Dataset,category=ORDER; intent=track_order
37,what do u want for xmas? how about free text messages a new video phone with half price line rental? call free now on to find out more!,SPAM,UCI SMS Spam Collection,spam
66,free st week entry textpod a chance win gb ipod or cash every wk. txt vpod to tscs custcare .,SPAM,UCI SMS Spam Collection,spam
898,help seeing the early termination fee,FAQ,Bitext Customer Support Intent Dataset,category=CANCEL; intent=check_cancellation_fee
1582,we tried to contact you re your reply to our offer of a video handset? anytime any networks mins? unlimited text? camcorder? reply or call now,SPAM,UCI SMS Spam Collection,spam
914,want assaistance purchasing a few of your article,ACCOUNT_OPS,Bitext Customer Support Intent Dataset,category=ORDER; intent=place_order
547,do you want a new nokia i colour phone delivered tomorrow? with free minutes to any mobile free text free camcorder reply or call,SPAM,UCI SMS Spam Collection,spam
3418,i don't know what i need to do to make a customer complaint,FAQ,Bitext Customer Support Intent Dataset,category=FEEDBACK; intent=complaint
2852,i need help to list ur payment methods,ACCOUNT_OPS,Bitext Customer Support Intent Dataset,category=PAYMENT; intent=check_payment_methods
3141,is it possibpe to check how long refunds take,ACCOUNT_OPS,Bitext Customer Support Intent Dataset,category=REFUND; intent=check_refund_policy
800,please explain the catch rule to me,UNKNOWN,CLINC OOS Dataset (train),oos
1581,give me a list of tax attorneys that practice in my city,UNKNOWN,CLINC OOS Dataset (test),oos
1532,want assistance to see order syatus,ACCOUNT_OPS,Bitext Customer Support Intent Dataset,category=ORDER; intent=track_order
1988,i have a problem with the termination of a premium account,FAQ,Bitext Customer Support Intent Dataset,category=ACCOUNT; intent=delete_account
3337,what year was shawshank redemption released,UNKNOWN,CLINC OOS Dataset (train),oos
2407,get me a list of universities that provide full scholarships in arizona,UNKNOWN,CLINC OOS Dataset (test),oos
1224,i want help trying to edit my addreds,FAQ,Bitext Customer Support Intent Dataset,category=SHIPPING; intent=change_shipping_address
74,"this is the nd time we have tried contact u. u have won the pound prize. claim is easy, call now! only p per min. bt-national-rate",SPAM,UCI SMS Spam Collection,spam
1012,can ya tell me more abuot unsubscribing from ur newsletter,ACCOUNT_OPS,Bitext Customer Support Intent Dataset,category=SUBSCRIPTION; intent=newsletter_subscription
793,are we allowed to wash our cars during the drought,UNKNOWN,CLINC OOS Dataset (test),oos
1583,"i want to report a problem with a sign-up, how do i do it?",FAQ,Bitext Customer Support Intent Dataset,category=ACCOUNT; intent=registration_problems
674,i have to see in which cases can i request my money back,ACCOUNT_OPS,Bitext Customer Support Intent Dataset,category=REFUND; intent=check_refund_policy
928,help me writing a comment for a service,FAQ,Bitext Customer Support Intent Dataset,category=FEEDBACK; intent=review
3110,i do not know what to do to write a comment about a product,FAQ,Bitext Customer Support Intent Dataset,category=FEEDBACK; intent=review
410,i need help speaking with customer assistance,HARD_QUESTION,Bitext Customer Support Intent Dataset,category=CONTACT; intent=contact_customer_service
2271,is it possible to see what shipping methods you offer?,FAQ,Bitext Customer Support Intent Dataset,category=DELIVERY; intent=delivery_options
2152,send a logo ur lover - names joined by a heart. txt love name name mobno eg love adam eve to yahoo! poboxwwq txtno no ads p,SPAM,UCI SMS Spam Collection,spam
1927,you have new message. please call .,SPAM,UCI SMS Spam Collection,spam
2199,i am trying to see what options for delivery are there,FAQ,Bitext Customer Support Intent Dataset,category=DELIVERY; intent=delivery_options
2752,i do not know how to modify the address,FAQ,Bitext Customer Support Intent Dataset,category=SHIPPING; intent=change_shipping_address
753,i am calling to see when will my product arirve,FAQ,Bitext Customer Support Intent Dataset,category=DELIVERY; intent=delivery_period
1127,restore the key of my profile,FAQ,Bitext Customer Support Intent Dataset,category=ACCOUNT; intent=recover_password
2017,"urgent! call from landline. your complimentary tenerife holiday or , cash await collection sae tcs box hp yf ppm",SPAM,UCI SMS Spam Collection,spam
2195,days to kick off! for euro u will be kept up to date with the latest news and results daily. to be removed send get txt stop to,SPAM,UCI SMS Spam Collection,spam
3360,find information about the lost access key,FAQ,Bitext Customer Support Intent Dataset,category=ACCOUNT; intent=recover_password
1396,do ya have an e-mail to contact customer service,HARD_QUESTION,Bitext Customer Support Intent Dataset,category=CONTACT; intent=contact_customer_service
2146,"u've been selected to stay in of top british hotels - for nothing! holiday valued at ! dial to claim - national rate call. bx, swss",SPAM,UCI SMS Spam Collection,spam
1364,i don't know how i can speak to an agent,HARD_QUESTION,Bitext Customer Support Intent Dataset,category=CONTACT; intent=contact_human_agent
581,you have an important customer service announcement. call freephone now!,SPAM,UCI SMS Spam Collection,spam
1061,assistance submitting another delivery address,FAQ,Bitext Customer Support Intent Dataset,category=SHIPPING; intent=set_up_shipping_address
1633,i do not know how i can check your allowed payment options,ACCOUNT_OPS,Bitext Customer Support Intent Dataset,category=PAYMENT; intent=check_payment_methods
2344,what are black holes,UNKNOWN,CLINC OOS Dataset (validation),oos
3138,"win the newest âharry potter and the order of the phoenix (book ) reply harry, answer questions - chance to be the first among readers!",SPAM,UCI SMS Spam Collection,spam
1309,congrats! nokia video camera phone is your call calls cost ppm ave call mins vary from mobiles close post bcm ldn wcnxx,SPAM,UCI SMS Spam Collection,spam
1110,problems submitting the delivery address,FAQ,Bitext Customer Support Intent Dataset,category=SHIPPING; intent=set_up_shipping_address
1714,i want help to see the early termination charge,FAQ,Bitext Customer Support Intent Dataset,category=CANCEL; intent=check_cancellation_fee
453,is it possible to get in touch with customer support?,HARD_QUESTION,Bitext Customer Support Intent Dataset,category=CONTACT; intent=contact_customer_service
833,a link to your picture has been sent. you can also use,SPAM,UCI SMS Spam Collection,spam
860,want hep to speak with a live agent,HARD_QUESTION,Bitext Customer Support Intent Dataset,category=CONTACT; intent=contact_human_agent
1953,can i speak to a live agent?,HARD_QUESTION,Bitext Customer Support Intent Dataset,category=CONTACT; intent=contact_human_agent
3144,how to see at what time i can reach customer support,HARD_QUESTION,Bitext Customer Support Intent Dataset,category=CONTACT; intent=contact_customer_service
1327,i am trying to get in touch with customer service,HARD_QUESTION,Bitext Customer Support Intent Dataset,category=CONTACT; intent=contact_customer_service
1269,i have got to switch to the account help me,FAQ,Bitext Customer Support Intent Dataset,category=ACCOUNT; intent=switch_account
3345,where do i get the bills from ?,ACCOUNT_OPS,Bitext Customer Support Intent Dataset,category=INVOICE; intent=get_invoice
160,i need help to see what hours customer service available is,HARD_QUESTION,Bitext Customer Support Intent Dataset,category=CONTACT; intent=contact_customer_service
2176,what are some good games for my android phone,UNKNOWN,CLINC OOS Dataset (test),oos
2136,order a few of your article,ACCOUNT_OPS,Bitext Customer Support Intent Dataset,category=ORDER; intent=place_order
1902,i try to enter the secondary delivery address,FAQ,Bitext Customer Support Intent Dataset,category=SHIPPING; intent=set_up_shipping_address
166,i'd like to edit the data included on my user i need help,FAQ,Bitext Customer Support Intent Dataset,category=ACCOUNT; intent=edit_account
2566,help resetting the pin code of my user,FAQ,Bitext Customer Support Intent Dataset,category=ACCOUNT; intent=recover_password
1173,"i want to leave some feedback for a product, i need help",FAQ,Bitext Customer Support Intent Dataset,category=FEEDBACK; intent=review
1673,need assistance modifying the delivery addres,FAQ,Bitext Customer Support Intent Dataset,category=SHIPPING; intent=change_shipping_address
1940,how do i look for bill ?,ACCOUNT_OPS,Bitext Customer Support Intent Dataset,category=INVOICE; intent=check_invoice
1966,i have an error changing the delivery address,FAQ,Bitext Customer Support Intent Dataset,category=SHIPPING; intent=change_shipping_address
3151,can you tell me what credit cards i have open,UNKNOWN,CLINC OOS Dataset (test),oos
520,i need information about modifying my shipping address,FAQ,Bitext Customer Support Intent Dataset,category=SHIPPING; intent=change_shipping_address
2430,i have to speak with someone,HARD_QUESTION,Bitext Customer Support Intent Dataset,category=CONTACT; intent=contact_human_agent
1558,i am waiting for an refund of,ACCOUNT_OPS,Bitext Customer Support Intent Dataset,category=REFUND; intent=track_refund
3080,assistance to see the invoice from,ACCOUNT_OPS,Bitext Customer Support Intent Dataset,category=INVOICE; intent=check_invoice
1198,i have a problem with opening a account,FAQ,Bitext Customer Support Intent Dataset,category=ACCOUNT; intent=create_account
1245,free camera phones with linerental from ./month with cross ntwk mins. / price txt bundle deals also avble. call or calloptout/j mf,SPAM,UCI SMS Spam Collection,spam
193,i try to check at what time i can reach customer support,HARD_QUESTION,Bitext Customer Support Intent Dataset,category=CONTACT; intent=contact_customer_service
258,i need assistance tracking purchase,ACCOUNT_OPS,Bitext Customer Support Intent Dataset,category=ORDER; intent=track_order
2630,i have got to see in which cases can i request my money back,ACCOUNT_OPS,Bitext Customer Support Intent Dataset,category=REFUND; intent=check_refund_policy
127,i need assistance seeing ur allowed payment options,ACCOUNT_OPS,Bitext Customer Support Intent Dataset,category=PAYMENT; intent=check_payment_methods
3270,wanna have a laugh? try chit-chat on your mobile now! logon by txting the word: chat and send it to no: cm po box london wa zf p/msg rcvd,SPAM,UCI SMS Spam Collection,spam
2902,i want to check what hours i can contact customer support,HARD_QUESTION,Bitext Customer Support Intent Dataset,category=CONTACT; intent=contact_customer_service
3022,i want help checking my fucking bill from,ACCOUNT_OPS,Bitext Customer Support Intent Dataset,category=INVOICE; intent=check_invoice
1465,need help informing of problems with online payment,ACCOUNT_OPS,Bitext Customer Support Intent Dataset,category=PAYMENT; intent=payment_issue
1750,i'm trying to find the invoice,ACCOUNT_OPS,Bitext Customer Support Intent Dataset,category=INVOICE; intent=check_invoice
2167,p alfie moon's children in need song on ur mob. tell ur ms. txt tone charity to for nokias or poly charity for polys: zed profit charity.,SPAM,UCI SMS Spam Collection,spam
661,can a polar bear live in alabama,UNKNOWN,CLINC OOS Dataset (test),oos
1758,show me how long it takes for my order to arrive,ACCOUNT_OPS,Bitext Customer Support Intent Dataset,category=DELIVERY; intent=delivery_period
1909,help me checking at what time i can contact customer support,HARD_QUESTION,Bitext Customer Support Intent Dataset,category=CONTACT; intent=contact_customer_service
353,is the brexit finalized yet,UNKNOWN,CLINC OOS Dataset (validation),oos
505,you have won a guaranteed cash or a prize.to claim yr prize call our customer service representative on,SPAM,UCI SMS Spam Collection,spam
1404,i don't know how i can receive the newsletter,ACCOUNT_OPS,Bitext Customer Support Intent Dataset,category=SUBSCRIPTION; intent=newsletter_subscription
1311,i do not know what to do to modify my address,FAQ,Bitext Customer Support Intent Dataset,category=SHIPPING; intent=change_shipping_address
152,ree entry in a weekly comp for a chance to win an ipod. txt pod to to get entry (std txt rate) tc's apply for details,SPAM,UCI SMS Spam Collection,spam
1111,can ya tell me about signing up to ur newsletter,ACCOUNT_OPS,Bitext Customer Support Intent Dataset,category=SUBSCRIPTION; intent=newsletter_subscription
1850,what do i need to do to speak with somebody?,HARD_QUESTION,Bitext Customer Support Intent Dataset,category=CONTACT; intent=contact_human_agent
475,what is a good sink filter for water,UNKNOWN,CLINC OOS Dataset (test),oos
1599,can i check at what time i can call customer service?,HARD_QUESTION,Bitext Customer Support Intent Dataset,category=CONTACT; intent=contact_customer_service
1566,i want help talking with a human agent,HARD_QUESTION,Bitext Customer Support Intent Dataset,category=CONTACT; intent=contact_human_agent
2601,what hours can i call customer service?,HARD_QUESTION,Bitext Customer Support Intent Dataset,category=CONTACT; intent=contact_customer_service
960,open cnn websiteo,UNKNOWN,CLINC OOS Dataset (test),oos
328,need assistance to request rebates of my money,ACCOUNT_OPS,Bitext Customer Support Intent Dataset,category=REFUND; intent=get_refund
1943,can i check what hours i can reach customer support?,HARD_QUESTION,Bitext Customer Support Intent Dataset,category=CONTACT; intent=contact_customer_service
2916,help to speak to customer assistance,HARD_QUESTION,Bitext Customer Support Intent Dataset,category=CONTACT; intent=contact_customer_service
2532,there is a trouble setting up a delivery address,FAQ,Bitext Customer Support Intent Dataset,category=SHIPPING; intent=set_up_shipping_address
954,thesmszone.com lets you send free anonymous and masked messages..im sending this message from there..do you see the potential for abuse???,SPAM,UCI SMS Spam Collection,spam
2378,can ya help me report an issue with signup,FAQ,Bitext Customer Support Intent Dataset,category=ACCOUNT; intent=registration_problems
1294,"i want to check the early exit fees, can you help me?",FAQ,Bitext Customer Support Intent Dataset,category=CANCEL; intent=check_cancellation_fee
320,want assistance seeinhg how long the shipment takes,FAQ,Bitext Customer Support Intent Dataset,category=DELIVERY; intent=delivery_period
2393,i need help to talk to an assistant,HARD_QUESTION,Bitext Customer Support Intent Dataset,category=CONTACT; intent=contact_human_agent
378,i want assistance notifying of an error with online payment,ACCOUNT_OPS,Bitext Customer Support Intent Dataset,category=PAYMENT; intent=payment_issue
2145,do ya have an e-mail address to contact customer support,HARD_QUESTION,Bitext Customer Support Intent Dataset,category=CONTACT; intent=contact_customer_service
69,adult content your video will be with you shortly,SPAM,UCI SMS Spam Collection,spam
1213,t-mobile customer you may now claim your free camera phone upgrade a pay go sim card for your loyalty. call on .offer ends thfeb.tc's apply,SPAM,UCI SMS Spam Collection,spam
3025,want help speaking with a live agent,HARD_QUESTION,Bitext Customer Support Intent Dataset,category=CONTACT; intent=contact_human_agent
1406,what do i have to do to call fucking customer support?,HARD_QUESTION,Bitext Customer Support Intent Dataset,category=CONTACT; intent=contact_customer_service
2131,i need tips on how to overcome insomnia,UNKNOWN,CLINC OOS Dataset (test),oos
1354,how can i modify order ?,ACCOUNT_OPS,Bitext Customer Support Intent Dataset,category=ORDER; intent=change_order
1573,ringtone club: get the uk singles chart on your mobile each week and choose any top quality ringtone! this message is free of charge.,SPAM,UCI SMS Spam Collection,spam
3201,direct to me a person,HARD_QUESTION,Bitext Customer Support Intent Dataset,category=CONTACT; intent=contact_human_agent
1455,how many push-ups do i need to do to get ripped,UNKNOWN,CLINC OOS Dataset (test),oos
1708,take a quick look at my invoices from,ACCOUNT_OPS,Bitext Customer Support Intent Dataset,category=INVOICE; intent=check_invoice
3054,i want assistance to change to the account,FAQ,Bitext Customer Support Intent Dataset,category=ACCOUNT; intent=switch_account
871,can you tell me today's headlines pleasei,UNKNOWN,CLINC OOS Dataset (test),oos
1075,is it possible to inform of payment issues?,ACCOUNT_OPS,Bitext Customer Support Intent Dataset,category=PAYMENT; intent=payment_issue
124,need help leaving an opinion for a product,FAQ,Bitext Customer Support Intent Dataset,category=FEEDBACK; intent=review
2349,no. nokia tone ur mob every week! just txt nok to . st tone free ! so get txtin now and tell ur friends. p/tone. reply hl info,SPAM,UCI SMS Spam Collection,spam
189,i need help checking the payment options,ACCOUNT_OPS,Bitext Customer Support Intent Dataset,category=PAYMENT; intent=check_payment_methods
159,do you have a mail to get in touch with customer assistance?,HARD_QUESTION,Bitext Customer Support Intent Dataset,category=CONTACT; intent=contact_customer_service
2479,problem updating delivery address,FAQ,Bitext Customer Support Intent Dataset,category=SHIPPING; intent=change_shipping_address
2618,could you help me to change to the gold account?,FAQ,Bitext Customer Support Intent Dataset,category=ACCOUNT; intent=switch_account
3129,i don't know what i have to do to buy some of your article,ACCOUNT_OPS,Bitext Customer Support Intent Dataset,category=ORDER; intent=place_order
649,"to review and keep the fantastic nokia n-gage game deck with club nokia, go unsubscribe from alerts reply with the word out",SPAM,UCI SMS Spam Collection,spam
2048,can my grace period be extended any possible way,UNKNOWN,CLINC OOS Dataset (test),oos
122,i want assistance seaking with someone,HARD_QUESTION,Bitext Customer Support Intent Dataset,category=CONTACT; intent=contact_human_agent
3068,i need help to see purchase status,ACCOUNT_OPS,Bitext Customer Support Intent Dataset,category=ORDER; intent=track_order
187,find articles about the protests in parisi,UNKNOWN,CLINC OOS Dataset (test),oos
1450,how to correct roder,ACCOUNT_OPS,Bitext Customer Support Intent Dataset,category=ORDER; intent=change_order
1164,knock knock txt whose there to to enter r weekly draw a gift voucher a store of yr choice. tcs age to stoptxtstop./week,SPAM,UCI SMS Spam Collection,spam
712,freemsg today's the day if you are ready! i'm horny live in your town. i love sex fun games! netcollex ltd p per msg reply stop to end,SPAM,UCI SMS Spam Collection,spam
1995,how many books are in piers anthony virtual mode series,UNKNOWN,CLINC OOS Dataset (test),oos
2978,does the nsa listen to me,UNKNOWN,CLINC OOS Dataset (test),oos
1980,i don't know how to talk to customer service,HARD_QUESTION,Bitext Customer Support Intent Dataset,category=CONTACT; intent=contact_customer_service
757,help me to see what hours i can reach customer support,HARD_QUESTION,Bitext Customer Support Intent Dataset,category=CONTACT; intent=contact_customer_service
1932,need to check what hours i can call customer service,HARD_QUESTION,Bitext Customer Support Intent Dataset,category=CONTACT; intent=contact_customer_service
513,please get me my wheelchair,UNKNOWN,CLINC OOS Dataset (validation),oos
1255,give me prices on a copy of the mla grammar handbook,UNKNOWN,CLINC OOS Dataset (test),oos
2533,winner!! as a valued network customer you have been selected to receivea prize reward! to claim call . claim code kl. valid hours only.,SPAM,UCI SMS Spam Collection,spam
834,find my bilps from,ACCOUNT_OPS,Bitext Customer Support Intent Dataset,category=INVOICE; intent=check_invoice
694,boltblue tones for p reply poly or mono eg poly . cha cha slide . yeah . slow jamz . toxic . come with me or stop more tones txt more,SPAM,UCI SMS Spam Collection,spam
2021,i want assistance giving a quick look at bill,ACCOUNT_OPS,Bitext Customer Support Intent Dataset,category=INVOICE; intent=check_invoice
1298,check the eta of purchase,ACCOUNT_OPS,Bitext Customer Support Intent Dataset,category=ORDER; intent=track_order
790,create a word letter expressing love,UNKNOWN,CLINC OOS Dataset (test),oos
2322,i don't know how to check when will my purchase arrive,ACCOUNT_OPS,Bitext Customer Support Intent Dataset,category=DELIVERY; intent=delivery_period
1706,free msg: single? find a partner in your area! s of real people are waiting to chat now!send chat to cncl send stopcs . per msg,SPAM,UCI SMS Spam Collection,spam
2350,what do i put on my feet,UNKNOWN,CLINC OOS Dataset (test),oos
464,i have to see under what circumstances can i request refunds,ACCOUNT_OPS,Bitext Customer Support Intent Dataset,category=REFUND; intent=check_refund_policy
1873,is it possible to contact a human agent?,HARD_QUESTION,Bitext Customer Support Intent Dataset,category=CONTACT; intent=contact_human_agent
1933,where can i submit my feedback for a product?,FAQ,Bitext Customer Support Intent Dataset,category=FEEDBACK; intent=review
3134,free text msgs. just text ok to and we'll credit your account,SPAM,UCI SMS Spam Collection,spam
650,help switching some products of order,ACCOUNT_OPS,Bitext Customer Support Intent Dataset,category=ORDER; intent=change_order
1543,can you tell me whether the knicks will play the lakers this week,UNKNOWN,CLINC OOS Dataset (test),oos
1550,i try to chat with a live agent,HARD_QUESTION,Bitext Customer Support Intent Dataset,category=CONTACT; intent=contact_human_agent
2030,give me information about the subscription to ur newsletter,ACCOUNT_OPS,Bitext Customer Support Intent Dataset,category=SUBSCRIPTION; intent=newsletter_subscription
2627,"i have forgotten my user account key, help to restore it",FAQ,Bitext Customer Support Intent Dataset,category=ACCOUNT; intent=recover_password
1153,can you help me calling customer service?,HARD_QUESTION,Bitext Customer Support Intent Dataset,category=CONTACT; intent=contact_customer_service
2353,i need help subscribing to your corporate newsletter,ACCOUNT_OPS,Bitext Customer Support Intent Dataset,category=SUBSCRIPTION; intent=newsletter_subscription
2737,text banneduk to to see! cost p textoperator gga xxx,SPAM,UCI SMS Spam Collection,spam
411,do you have a method to submit a comment for your company?,FAQ,Bitext Customer Support Intent Dataset,category=FEEDBACK; intent=review
1655,i can't locate my bill from,ACCOUNT_OPS,Bitext Customer Support Intent Dataset,category=INVOICE; intent=check_invoice
275,i dont know how i can talk to a human agent,HARD_QUESTION,Bitext Customer Support Intent Dataset,category=CONTACT; intent=contact_human_agent
961,what's the best make-up to cover a black eye,UNKNOWN,CLINC OOS Dataset (test),oos
2148,could ya help me receive a rebate,ACCOUNT_OPS,Bitext Customer Support Intent Dataset,category=REFUND; intent=get_refund
1090,"i am unhappy with your services, how do i lodge a complaint?",FAQ,Bitext Customer Support Intent Dataset,category=FEEDBACK; intent=complaint
1267,would it be possible to download the invoice from ?,ACCOUNT_OPS,Bitext Customer Support Intent Dataset,category=INVOICE; intent=get_invoice
542,help me to order several articles,ACCOUNT_OPS,Bitext Customer Support Intent Dataset,category=ORDER; intent=place_order
2919,i don't know what i need to do to cancel the premium account,FAQ,Bitext Customer Support Intent Dataset,category=ACCOUNT; intent=delete_account
3027,free top ringtone -sub to weekly ringtone-get st week free-send subpoly to -? per week-stop sms-,SPAM,UCI SMS Spam Collection,spam
949,help to check what hours i can reach customer service,HARD_QUESTION,Bitext Customer Support Intent Dataset,category=CONTACT; intent=contact_customer_service
2206,i have to remove an item from order,ACCOUNT_OPS,Bitext Customer Support Intent Dataset,category=ORDER; intent=change_order
1276,help me check what hours i can contact customer assistance,HARD_QUESTION,Bitext Customer Support Intent Dataset,category=CONTACT; intent=contact_customer_service
305,i have to change the personal details,FAQ,Bitext Customer Support Intent Dataset,category=ACCOUNT; intent=edit_account
1731,can i get a starter course for the trumpet,UNKNOWN,CLINC OOS Dataset (test),oos
2670,how many onions do i have on hand,UNKNOWN,CLINC OOS Dataset (validation),oos
2872,what veggies can i pair with mushrooms,UNKNOWN,CLINC OOS Dataset (test),oos
1791,someone has contacted our dating service and entered your phone because they fancy you! to find out who it is call from a landline . poboxntfp,SPAM,UCI SMS Spam Collection,spam
1789,i do not know what to do to chat with someone,HARD_QUESTION,Bitext Customer Support Intent Dataset,category=CONTACT; intent=contact_human_agent
3373,i have to see what hours i can contact customer uspport,HARD_QUESTION,Bitext Customer Support Intent Dataset,category=CONTACT; intent=contact_customer_service
18,"customer service announcement. we recently tried to make a delivery to you but were unable to do so, please call to re-schedule. ref:",SPAM,UCI SMS Spam Collection,spam
2347,"i have to check the withdrawal charge, how can i do it?",FAQ,Bitext Customer Support Intent Dataset,category=CANCEL; intent=check_cancellation_fee
2636,open up internet browser,UNKNOWN,CLINC OOS Dataset (test),oos
1002,i have got to contact a person,HARD_QUESTION,Bitext Customer Support Intent Dataset,category=CONTACT; intent=contact_human_agent
2695,you are awarded a sipix digital camera! call from landline. delivery within days. t cs box. mbp. yr warranty. ppm. . p p.,SPAM,UCI SMS Spam Collection,spam
1949,want help to report issues with signup,FAQ,Bitext Customer Support Intent Dataset,category=ACCOUNT; intent=registration_problems
1664,want help reporting a trouble with online payment,ACCOUNT_OPS,Bitext Customer Support Intent Dataset,category=PAYMENT; intent=payment_issue
3288,"well done! your costa del sol holiday or await collection. call now toclaim. sae, tcs, pobox, stockport, skxh, cost./pm, maxmins",SPAM,UCI SMS Spam Collection,spam
1029,help to see the eta of purchase,ACCOUNT_OPS,Bitext Customer Support Intent Dataset,category=ORDER; intent=track_order
1945,can you help me talk with aperson?,HARD_QUESTION,Bitext Customer Support Intent Dataset,category=CONTACT; intent=contact_human_agent
1594,what's the average rent of apartments in my city,UNKNOWN,CLINC OOS Dataset (test),oos
1407,i do not know what to do to contact a human agent,HARD_QUESTION,Bitext Customer Support Intent Dataset,category=CONTACT; intent=contact_human_agent
401,i need help talking to customer service,HARD_QUESTION,Bitext Customer Support Intent Dataset,category=CONTACT; intent=contact_customer_service
1786,help me to cancel purchase,ACCOUNT_OPS,Bitext Customer Support Intent Dataset,category=ORDER; intent=cancel_order
629,help me checking at what time i can reach customer support,HARD_QUESTION,Bitext Customer Support Intent Dataset,category=CONTACT; intent=contact_customer_service
1030,"sms services. for your inclusive text credits, pls goto login= qxj unsubscribe with stop, no extra charge. help .comuk. -cm ae",SPAM,UCI SMS Spam Collection,spam
3393,help talking with customer service,HARD_QUESTION,Bitext Customer Support Intent Dataset,category=CONTACT; intent=contact_customer_service
233,i need help to talk to custmoer service,HARD_QUESTION,Bitext Customer Support Intent Dataset,category=CONTACT; intent=contact_customer_service
324,"you are being contacted by our dating service by someone you know! to find out who it is, call from your mobile or landline poboxldns",SPAM,UCI SMS Spam Collection,spam
1710,is it possible to reset my account pin code?,FAQ,Bitext Customer Support Intent Dataset,category=ACCOUNT; intent=recover_password
2462,i'd like to hire someone to wash my car,UNKNOWN,CLINC OOS Dataset (test),oos
2519,give me information about the element carbon and its reactions with hydrogen,UNKNOWN,CLINC OOS Dataset (test),oos
3248,mldifying premium account,FAQ,Bitext Customer Support Intent Dataset,category=ACCOUNT; intent=edit_account
1938,i don't know how to update my delivery address,FAQ,Bitext Customer Support Intent Dataset,category=SHIPPING; intent=change_shipping_address
1013,u’ve bin awarded to play instant cash. call to claim. every th player wins min -. optout,SPAM,UCI SMS Spam Collection,spam
559,december only! had your mobile mths? you are entitled to update to the latest colour camera mobile for free! call the mobile update vco free on,SPAM,UCI SMS Spam Collection,spam
761,assistance to see the restitution status,ACCOUNT_OPS,Bitext Customer Support Intent Dataset,category=REFUND; intent=track_refund
377,i want help to check what hours i can reach customer support,HARD_QUESTION,Bitext Customer Support Intent Dataset,category=CONTACT; intent=contact_customer_service
811,urgent! your mobile number has been awarded with a prize guaranteed. call from land line. claim . valid hrs only,SPAM,UCI SMS Spam Collection,spam
1636,what are the pros and cons of credit cards,UNKNOWN,CLINC OOS Dataset (train),oos
850,could you help me to check your payment modalities?,ACCOUNT_OPS,Bitext Customer Support Intent Dataset,category=PAYMENT; intent=check_payment_methods
1009,how to see the cancellation penalty?,FAQ,Bitext Customer Support Intent Dataset,category=CANCEL; intent=check_cancellation_fee
607,i need assistance checking the options for shipment,FAQ,Bitext Customer Support Intent Dataset,category=DELIVERY; intent=delivery_options
3401,what are cars like mine selling for online,UNKNOWN,CLINC OOS Dataset (test),oos
2126,i want help to check ur available payment options,ACCOUNT_OPS,Bitext Customer Support Intent Dataset,category=PAYMENT; intent=check_payment_methods
1501,organize photos by year they were taken,UNKNOWN,CLINC OOS Dataset (test),oos
2147,can you please start the avatar movie for me,UNKNOWN,CLINC OOS Dataset (test),oos
3392,guess what! somebody you know secretly fancies you! wanna find out who it is? give us a call on from landline dateboxessexcmxn p/min,SPAM,UCI SMS Spam Collection,spam
3394,collect your valentine's weekend to paris inc flight hotel prize guaranteed! text: paris to no: .,SPAM,UCI SMS Spam Collection,spam
317,"i need to call damn customer support, how could i do it?",HARD_QUESTION,Bitext Customer Support Intent Dataset,category=CONTACT; intent=contact_customer_service
493,how do i see at what time i can contact customer service?,HARD_QUESTION,Bitext Customer Support Intent Dataset,category=CONTACT; intent=contact_customer_service
3374,private! your account statement for shows un-redeemed s. i. m. points. call identifier code: expires //,SPAM,UCI SMS Spam Collection,spam
1312,checkbill,ACCOUNT_OPS,Bitext Customer Support Intent Dataset,category=INVOICE; intent=check_invoice
2027,can i check what hours i can contact customer service?,HARD_QUESTION,Bitext Customer Support Intent Dataset,category=CONTACT; intent=contact_customer_service
3152,"i would like to talk with a person, how do i do it?",HARD_QUESTION,Bitext Customer Support Intent Dataset,category=CONTACT; intent=contact_human_agent
3181,i need assistance to switch to a new account,FAQ,Bitext Customer Support Intent Dataset,category=ACCOUNT; intent=switch_account
571,there are issues setting up the new shipping address,FAQ,Bitext Customer Support Intent Dataset,category=SHIPPING; intent=set_up_shipping_address
3287,send me a motivational quote everyday for the next week,UNKNOWN,CLINC OOS Dataset (test),oos
1350,can i enter my secondary delivery address?,FAQ,Bitext Customer Support Intent Dataset,category=SHIPPING; intent=set_up_shipping_address
1838,i'm trying to speak to a live agent,HARD_QUESTION,Bitext Customer Support Intent Dataset,category=CONTACT; intent=contact_human_agent
3289,reply to win weekly! what professional sport does tiger woods play? send stop to to end service,SPAM,UCI SMS Spam Collection,spam
881,who is the hardest working man in hollywood,UNKNOWN,CLINC OOS Dataset (test),oos
277,assistance seeing in what situations can i request a refund,ACCOUNT_OPS,Bitext Customer Support Intent Dataset,category=REFUND; intent=check_refund_policy
2172,reporting payment issues,ACCOUNT_OPS,Bitext Customer Support Intent Dataset,category=PAYMENT; intent=payment_issue
2666,i ned help to talk to an operator,HARD_QUESTION,Bitext Customer Support Intent Dataset,category=CONTACT; intent=contact_human_agent
2672,i don't know how i can chat with a bloody live agent,HARD_QUESTION,Bitext Customer Support Intent Dataset,category=CONTACT; intent=contact_human_agent
2549,can ushow me the cancellation fees,FAQ,Bitext Customer Support Intent Dataset,category=CANCEL; intent=check_cancellation_fee
352,how can i see what shipment options i can choose,FAQ,Bitext Customer Support Intent Dataset,category=DELIVERY; intent=delivery_options
1561,find an article on celebrities who made it out of poverty,UNKNOWN,CLINC OOS Dataset (test),oos
1418,error setting a secondary delivery address up,FAQ,Bitext Customer Support Intent Dataset,category=SHIPPING; intent=set_up_shipping_address
1058,is time travel to the past theoretically possible,UNKNOWN,CLINC OOS Dataset (train),oos
234,how do the anti-lock brakes work,UNKNOWN,CLINC OOS Dataset (train),oos
2717,where to inform of an issue with a sign-up?,FAQ,Bitext Customer Support Intent Dataset,category=ACCOUNT; intent=registration_problems
3338,"i want to purchase a few of your item, how do i do it?",ACCOUNT_OPS,Bitext Customer Support Intent Dataset,category=ORDER; intent=place_order
3409,get the official england poly ringtone or colour flag on yer mobile for tonights game! text tone or flag to . optout txt eng stop box wwx .,SPAM,UCI SMS Spam Collection,spam
2377,allowed payment methods,ACCOUNT_OPS,Bitext Customer Support Intent Dataset,category=PAYMENT; intent=check_payment_methods
1066,how can i check when will my product arrive,FAQ,Bitext Customer Support Intent Dataset,category=DELIVERY; intent=delivery_period
1840,what's that smell,UNKNOWN,CLINC OOS Dataset (test),oos
1951,"complimentary star ibiza holiday or , cash needs your urgent collection. now from landline not to lose out! boxskwpppm",SPAM,UCI SMS Spam Collection,spam
3075,tells u call to claim prize. u have enter all ur mobile personal details the prompts. careful!,SPAM,UCI SMS Spam Collection,spam
325,why doesn't english have consistent forms,UNKNOWN,CLINC OOS Dataset (test),oos
2025,i do not know what i need to do to close a pro account,FAQ,Bitext Customer Support Intent Dataset,category=ACCOUNT; intent=delete_account
1208,i do not know how to give a quick look at the invoice,ACCOUNT_OPS,Bitext Customer Support Intent Dataset,category=INVOICE; intent=check_invoice
2520,need to cancel purchase,ACCOUNT_OPS,Bitext Customer Support Intent Dataset,category=ORDER; intent=cancel_order
2969,guess who am i?this is the first time i created a web page read all i wrote. i'm waiting for your opinions. i want to be your friend /,SPAM,UCI SMS Spam Collection,spam
835,how many people have insomnia,UNKNOWN,CLINC OOS Dataset (test),oos
209,how many pokemon have i caught in my pokemon go app,UNKNOWN,CLINC OOS Dataset (test),oos
2846,"you are not helpful, i want assistance talking with someone",HARD_QUESTION,Bitext Customer Support Intent Dataset,category=CONTACT; intent=contact_human_agent
1413,remove standard accoint,FAQ,Bitext Customer Support Intent Dataset,category=ACCOUNT; intent=delete_account
2413,help me check what hours i can contact customer support,HARD_QUESTION,Bitext Customer Support Intent Dataset,category=CONTACT; intent=contact_customer_service
2588,how fast am i going,UNKNOWN,CLINC OOS Dataset (test),oos
2275,"dear voucher holder, claim this weeks offer, at your pc go to tscs apply. stop texts txt stop to .",SPAM,UCI SMS Spam Collection,spam
89,need assistance to speak with somebody,HARD_QUESTION,Bitext Customer Support Intent Dataset,category=CONTACT; intent=contact_human_agent
1093,show me how to contact a paranormal spirit,UNKNOWN,CLINC OOS Dataset (test),oos
3209,need assistaance to see the accepted payment methods,ACCOUNT_OPS,Bitext Customer Support Intent Dataset,category=PAYMENT; intent=check_payment_methods
2220,here is your discount code rp. to stop further messages reply stop. customer services,SPAM,UCI SMS Spam Collection,spam
1452,i want assistance to set up my secondary delivery address,FAQ,Bitext Customer Support Intent Dataset,category=SHIPPING; intent=set_up_shipping_address
3363,need to check in which cases can i ask for reimbursements,ACCOUNT_OPS,Bitext Customer Support Intent Dataset,category=REFUND; intent=check_refund_policy
677,want get laid tonight? want real dogging locations sent direct ur mob? join the uk's largest dogging network by txting moan to nyt. eca. p.msgp,SPAM,UCI SMS Spam Collection,spam
2164,need assistance getting the invokce,ACCOUNT_OPS,Bitext Customer Support Intent Dataset,category=INVOICE; intent=get_invoice
3064,free for st week! no nokia tone ur mobile every week just txt nokia to get txting and tell ur mates. pobox wwq normp/tone,SPAM,UCI SMS Spam Collection,spam
951,what do i need to do to speak with an assistant,HARD_QUESTION,Bitext Customer Support Intent Dataset,category=CONTACT; intent=contact_human_agent
1647,i try to talk to an assistant,HARD_QUESTION,Bitext Customer Support Intent Dataset,category=CONTACT; intent=contact_human_agent
3063,splashmobile: choose from s of gr tones each wk! this is a subscrition service with weekly tones costing p. u have one credit - kick back and enjoy,SPAM,UCI SMS Spam Collection,spam
3019,we tried to call you re your reply to our sms for a video mobile mins unlimited text free camcorder reply of call now,SPAM,UCI SMS Spam Collection,spam
1843,dear dave this is your final notice to collect your tenerife holiday or cash award! call from landline. tcs sae box cwwx ppm,SPAM,UCI SMS Spam Collection,spam
1468,i do not know how to reset my goddamn user account pin code,FAQ,Bitext Customer Support Intent Dataset,category=ACCOUNT; intent=recover_password
810,"i need to talk to an operator, could i get some help?",HARD_QUESTION,Bitext Customer Support Intent Dataset,category=CONTACT; intent=contact_human_agent
848,where do squirrels's live,UNKNOWN,CLINC OOS Dataset (train),oos
1197,what is the government department that regulates emissions,UNKNOWN,CLINC OOS Dataset (test),oos
2052,speak to human agent,HARD_QUESTION,Bitext Customer Support Intent Dataset,category=CONTACT; intent=contact_human_agent
3245,hpw to call customer service?,HARD_QUESTION,Bitext Customer Support Intent Dataset,category=CONTACT; intent=contact_customer_service
285,needc to talk to an assistant,HARD_QUESTION,Bitext Customer Support Intent Dataset,category=CONTACT; intent=contact_human_agent
1033,i'd like to recover the key of my user account,FAQ,Bitext Customer Support Intent Dataset,category=ACCOUNT; intent=recover_password
2844,i want assistance to track purchase,ACCOUNT_OPS,Bitext Customer Support Intent Dataset,category=ORDER; intent=track_order
1064,when does tiger woods play next,UNKNOWN,CLINC OOS Dataset (test),oos
2615,need assistance tosee your available payment methods,ACCOUNT_OPS,Bitext Customer Support Intent Dataset,category=PAYMENT; intent=check_payment_methods
239,i need assistance checkng the early exit penalties,FAQ,Bitext Customer Support Intent Dataset,category=CANCEL; intent=check_cancellation_fee
2866,what are the scores of other teams in this division,UNKNOWN,CLINC OOS Dataset (test),oos
2941,create a contact labeled mom,UNKNOWN,CLINC OOS Dataset (test),oos
2505,babe: u want me dont u baby! im nasty and have a thing filthyguys. fancy a rude time with a sexy bitch. how about we go slo n hard! txt xxx slo(msgs),SPAM,UCI SMS Spam Collection,spam
3186,money i have won wining number wot do i do next,SPAM,UCI SMS Spam Collection,spam
2228,support with my online registration,FAQ,Bitext Customer Support Intent Dataset,category=ACCOUNT; intent=registration_problems
242,what is the most famous quote on the internet,UNKNOWN,CLINC OOS Dataset (test),oos
2090,edit details on account,FAQ,Bitext Customer Support Intent Dataset,category=ACCOUNT; intent=edit_account
912,"accordingly. i repeat, just text the word ok on your mobile phone and send",SPAM,UCI SMS Spam Collection,spam
476,where's my buddy steve right this second,UNKNOWN,CLINC OOS Dataset (test),oos
2637,what do i need to do to track order ?,ACCOUNT_OPS,Bitext Customer Support Intent Dataset,category=ORDER; intent=track_order
42,i have a problem with an adress update,FAQ,Bitext Customer Support Intent Dataset,category=SHIPPING; intent=change_shipping_address
2973,when was electrical engineering created,UNKNOWN,CLINC OOS Dataset (validation),oos
2,i want to set my secondary delivery address up,FAQ,Bitext Customer Support Intent Dataset,category=SHIPPING; intent=set_up_shipping_address
2736,wanna contact customer assistance,HARD_QUESTION,Bitext Customer Support Intent Dataset,category=CONTACT; intent=contact_customer_service
1735,want assistance solving a payment issue,ACCOUNT_OPS,Bitext Customer Support Intent Dataset,category=PAYMENT; intent=payment_issue
3299,can i take a quick look at bill,ACCOUNT_OPS,Bitext Customer Support Intent Dataset,category=INVOICE; intent=check_invoice
1233,am new club dont fink we met yet will b gr c u please leave msg day wiv ur area reply promised carlie x calls/minmobsmore lkpoboxhpfl,SPAM,UCI SMS Spam Collection,spam
271,can uhelp me correct my personal details,FAQ,Bitext Customer Support Intent Dataset,category=ACCOUNT; intent=edit_account
360,what is the warranty on my microwave,UNKNOWN,CLINC OOS Dataset (test),oos
3348,i don't know what to do to lodge a complaint,FAQ,Bitext Customer Support Intent Dataset,category=FEEDBACK; intent=complaint
59,i want assistance to talk with an assistant,HARD_QUESTION,Bitext Customer Support Intent Dataset,category=CONTACT; intent=contact_human_agent
158,where to check your payment modalities?,ACCOUNT_OPS,Bitext Customer Support Intent Dataset,category=PAYMENT; intent=check_payment_methods
331,assistance to see what hours i can call customer service,HARD_QUESTION,Bitext Customer Support Intent Dataset,category=CONTACT; intent=contact_customer_service
1828,how can i set my new shipping address up?,FAQ,Bitext Customer Support Intent Dataset,category=SHIPPING; intent=set_up_shipping_address
2983,help me canceling my account,FAQ,Bitext Customer Support Intent Dataset,category=ACCOUNT; intent=delete_account
2721,help to lodge a consumer claim against your company,FAQ,Bitext Customer Support Intent Dataset,category=FEEDBACK; intent=complaint
2809,i can no longer afford order,ACCOUNT_OPS,Bitext Customer Support Intent Dataset,category=ORDER; intent=cancel_order
2760,assistance seeing at what time i can call customer support,HARD_QUESTION,Bitext Customer Support Intent Dataset,category=CONTACT; intent=contact_customer_service
1983,i don't know what to do to inform of a registration error,FAQ,Bitext Customer Support Intent Dataset,category=ACCOUNT; intent=registration_problems
2286,"do ducks eat meat, vegetables, or both",UNKNOWN,CLINC OOS Dataset (validation),oos
3425,how do i talk with a agent?,HARD_QUESTION,Bitext Customer Support Intent Dataset,category=CONTACT; intent=contact_human_agent
2980,want help to see how long it takes fo the article to arrive,FAQ,Bitext Customer Support Intent Dataset,category=DELIVERY; intent=delivery_period
2178,help to see the accepted payment options,ACCOUNT_OPS,Bitext Customer Support Intent Dataset,category=PAYMENT; intent=check_payment_methods
216,i can't see order status,ACCOUNT_OPS,Bitext Customer Support Intent Dataset,category=ORDER; intent=track_order
2475,how can i purchase some of your article?,ACCOUNT_OPS,Bitext Customer Support Intent Dataset,category=ORDER; intent=place_order
2986,help to talk to customer service,HARD_QUESTION,Bitext Customer Support Intent Dataset,category=CONTACT; intent=contact_customer_service
3117,i do not know how i can receive rebates of my money,ACCOUNT_OPS,Bitext Customer Support Intent Dataset,category=REFUND; intent=get_refund
1288,editing information on account,FAQ,Bitext Customer Support Intent Dataset,category=ACCOUNT; intent=edit_account
3235,could you help me changing the info on my user account?,FAQ,Bitext Customer Support Intent Dataset,category=ACCOUNT; intent=edit_account
1978,asxistance speaking with somebody,HARD_QUESTION,Bitext Customer Support Intent Dataset,category=CONTACT; intent=contact_human_agent
2663,i want assistancesubmitting the bloody new shipping address,FAQ,Bitext Customer Support Intent Dataset,category=SHIPPING; intent=set_up_shipping_address
208,need to modify my delivery addrexs how do i do it,FAQ,Bitext Customer Support Intent Dataset,category=SHIPPING; intent=change_shipping_address
1360,i do not know how i can canmcel order,ACCOUNT_OPS,Bitext Customer Support Intent Dataset,category=ORDER; intent=cancel_order
1557,check invoice from last purchase,ACCOUNT_OPS,Bitext Customer Support Intent Dataset,category=INVOICE; intent=check_invoice
2705,want help talking to someone,HARD_QUESTION,Bitext Customer Support Intent Dataset,category=CONTACT; intent=contact_human_agent
217,help to lodge a customer claim against your business,FAQ,Bitext Customer Support Intent Dataset,category=FEEDBACK; intent=complaint
3207,can i enter a secondary shipping address,FAQ,Bitext Customer Support Intent Dataset,category=SHIPPING; intent=set_up_shipping_address
1986,help me to unsubscribe from ur damn corporate newsletter,ACCOUNT_OPS,Bitext Customer Support Intent Dataset,category=SUBSCRIPTION; intent=newsletter_subscription
1387,would it be possible to talk to an operator?,HARD_QUESTION,Bitext Customer Support Intent Dataset,category=CONTACT; intent=contact_human_agent
321,i need help talking with customer service,HARD_QUESTION,Bitext Customer Support Intent Dataset,category=CONTACT; intent=contact_customer_service
1205,assistance to speak to a live agent,HARD_QUESTION,Bitext Customer Support Intent Dataset,category=CONTACT; intent=contact_human_agent
2834,"i expect a restitution of , was it processed",ACCOUNT_OPS,Bitext Customer Support Intent Dataset,category=REFUND; intent=track_refund
2747,need to change several products of purchase,ACCOUNT_OPS,Bitext Customer Support Intent Dataset,category=ORDER; intent=change_order
3273,i need to speak with someone,HARD_QUESTION,Bitext Customer Support Intent Dataset,category=CONTACT; intent=contact_human_agent
3093,changkng to freemium account,FAQ,Bitext Customer Support Intent Dataset,category=ACCOUNT; intent=switch_account
2449,help to chat with a person,HARD_QUESTION,Bitext Customer Support Intent Dataset,category=CONTACT; intent=contact_human_agent
1417,help to check at what time customer support available is,HARD_QUESTION,Bitext Customer Support Intent Dataset,category=CONTACT; intent=contact_customer_service
3386,i need help to requestreimbursements,ACCOUNT_OPS,Bitext Customer Support Intent Dataset,category=REFUND; intent=get_refund
449,what's the definition of nuclear engineering,UNKNOWN,CLINC OOS Dataset (validation),oos
213,where do i open a account?,FAQ,Bitext Customer Support Intent Dataset,category=ACCOUNT; intent=create_account
2360,contactingassistant,HARD_QUESTION,Bitext Customer Support Intent Dataset,category=CONTACT; intent=contact_human_agent
1570,i need to purchase some bloody products,ACCOUNT_OPS,Bitext Customer Support Intent Dataset,category=ORDER; intent=place_order
2014,u r a winner u ave been specially selected receive cash or a holiday (flights inc) speak to a live operator claim p/min ( ),SPAM,UCI SMS Spam Collection,spam
2007,in which situations can i request reimbursements?,ACCOUNT_OPS,Bitext Customer Support Intent Dataset,category=REFUND; intent=check_refund_policy
2559,put into words what you want,UNKNOWN,CLINC OOS Dataset (test),oos
3253,can i change to the freemium account?,FAQ,Bitext Customer Support Intent Dataset,category=ACCOUNT; intent=switch_account
1259,i need help cancelling mny company newsletter subscription,ACCOUNT_OPS,Bitext Customer Support Intent Dataset,category=SUBSCRIPTION; intent=newsletter_subscription
1395,i do not understand ucan uhelp me speaking to a live agent,HARD_QUESTION,Bitext Customer Support Intent Dataset,category=CONTACT; intent=contact_human_agent
1437,"can you really time your compressions to queen's ""another one bites the dust""",UNKNOWN,CLINC OOS Dataset (test),oos
512,can i check if there are any news on my reimbursement?,ACCOUNT_OPS,Bitext Customer Support Intent Dataset,category=REFUND; intent=track_refund
2373,i want help talking to an operator,HARD_QUESTION,Bitext Customer Support Intent Dataset,category=CONTACT; intent=contact_human_agent
2858,where could i retrieve my profile access key?,FAQ,Bitext Customer Support Intent Dataset,category=ACCOUNT; intent=recover_password
1521,list the contents of my safety deposit box at the bank,UNKNOWN,CLINC OOS Dataset (test),oos
802,how can i get information about my newsletter subscription?,ACCOUNT_OPS,Bitext Customer Support Intent Dataset,category=SUBSCRIPTION; intent=newsletter_subscription
1313,i need assistance to create a platinum acfount for my fiance,FAQ,Bitext Customer Support Intent Dataset,category=ACCOUNT; intent=create_account
2669,where can i find information about the shipping period?,FAQ,Bitext Customer Support Intent Dataset,category=DELIVERY; intent=delivery_period
1874,tell me about the candidates running for local office in my area,UNKNOWN,CLINC OOS Dataset (test),oos
1125,need assistance reporting payment erroors,ACCOUNT_OPS,Bitext Customer Support Intent Dataset,category=PAYMENT; intent=payment_issue
1661,i do not know what to do to download the invoice,ACCOUNT_OPS,Bitext Customer Support Intent Dataset,category=INVOICE; intent=get_invoice
2869,want help opening a account,FAQ,Bitext Customer Support Intent Dataset,category=ACCOUNT; intent=create_account
2492,can you get me the scores from the games that were played last night,UNKNOWN,CLINC OOS Dataset (test),oos
2804,i want assistance talking with customer service,HARD_QUESTION,Bitext Customer Support Intent Dataset,category=CONTACT; intent=contact_customer_service
1099,i do not know how i can notify of an error with payments,ACCOUNT_OPS,Bitext Customer Support Intent Dataset,category=PAYMENT; intent=payment_issue
872,is it possible to set my delivery address up?,FAQ,Bitext Customer Support Intent Dataset,category=SHIPPING; intent=set_up_shipping_address
2309,<forwarded from >please call immediately as there is an urgent message waiting for you.,SPAM,UCI SMS Spam Collection,spam
281,need to checkin which situations can i ask to be refunded,ACCOUNT_OPS,Bitext Customer Support Intent Dataset,category=REFUND; intent=check_refund_policy
2515,i dont know what i havr to do to download the invoice,ACCOUNT_OPS,Bitext Customer Support Intent Dataset,category=INVOICE; intent=get_invoice
3180,where are classes taught near me for c,UNKNOWN,CLINC OOS Dataset (test),oos
2700,assistance to shop several articles,ACCOUNT_OPS,Bitext Customer Support Intent Dataset,category=ORDER; intent=place_order
1670,does iron maiden have any new releases,UNKNOWN,CLINC OOS Dataset (test),oos
406,"free nokia or motorola with upto mths /price linerental, free x-net minstxt/mth free b'tooth. call mobileupd on or call optout/dwv",SPAM,UCI SMS Spam Collection,spam
2361,can you help me to write an opinion about your products?,FAQ,Bitext Customer Support Intent Dataset,category=FEEDBACK; intent=review
2783,need to update the info included on my profile how to do it,FAQ,Bitext Customer Support Intent Dataset,category=ACCOUNT; intent=edit_account
1291,show me at what time i can contact customer support,HARD_QUESTION,Bitext Customer Support Intent Dataset,category=CONTACT; intent=contact_customer_service
2932,i do not know how to send feedback about your services,FAQ,Bitext Customer Support Intent Dataset,category=FEEDBACK; intent=review
2266,"free game. get rayman golf free from the o games arcade. st get ur games settings. reply post, then save activ. press key for arcade. termsapply",SPAM,UCI SMS Spam Collection,spam
3320,i want assistance to talk to a person,HARD_QUESTION,Bitext Customer Support Intent Dataset,category=CONTACT; intent=contact_human_agent
564,"smsservices. for yourinclusive text credits, pls goto login= qxj unsubscribe with stop, no extra charge. help .comuk. -cm ae",SPAM,UCI SMS Spam Collection,spam
2056,can you look up how i shoot a time lapse video on my iphone camera or is it even possible,UNKNOWN,CLINC OOS Dataset (test),oos
2777,is there more than one occult that a person can join,UNKNOWN,CLINC OOS Dataset (test),oos
481,has everyone come home from school,UNKNOWN,CLINC OOS Dataset (test),oos
2914,i want help checking the restitution current status,ACCOUNT_OPS,Bitext Customer Support Intent Dataset,category=REFUND; intent=track_refund
2121,what size space suit should you get based on your girth,UNKNOWN,CLINC OOS Dataset (test),oos
2546,need help to speak with an assistant,HARD_QUESTION,Bitext Customer Support Intent Dataset,category=CONTACT; intent=contact_human_agent
1200,can you help me chat with a human agent?,HARD_QUESTION,Bitext Customer Support Intent Dataset,category=CONTACT; intent=contact_human_agent
245,can i add some products to purchase,ACCOUNT_OPS,Bitext Customer Support Intent Dataset,category=ORDER; intent=change_order
1888,i want to reset my goddamn user profile key,FAQ,Bitext Customer Support Intent Dataset,category=ACCOUNT; intent=recover_password
32,where do i purchase some products?,ACCOUNT_OPS,Bitext Customer Support Intent Dataset,category=ORDER; intent=place_order
2702,i dont know how to chat with someone,HARD_QUESTION,Bitext Customer Support Intent Dataset,category=CONTACT; intent=contact_human_agent
1825,"had your contract mobile mnths? latest motorola, nokia etc. all free! double mins text on orange tariffs. text yes for callback, no to remove from records",SPAM,UCI SMS Spam Collection,spam
2392,i need assistance trying to update the shipping address,FAQ,Bitext Customer Support Intent Dataset,category=SHIPPING; intent=change_shipping_address
670,need help to edit the information on my user,FAQ,Bitext Customer Support Intent Dataset,category=ACCOUNT; intent=edit_account
1744,u have a secret admirer who is looking make contact with u-find out who they rreveal who thinks ur so special-call on,SPAM,UCI SMS Spam Collection,spam
1262,could you help me check what delivery methods you offer?,FAQ,Bitext Customer Support Intent Dataset,category=DELIVERY; intent=delivery_options
422,how can i chat with a live agent?,HARD_QUESTION,Bitext Customer Support Intent Dataset,category=CONTACT; intent=contact_human_agent
2565,"i have to speak with customer support, can you help me?",HARD_QUESTION,Bitext Customer Support Intent Dataset,category=CONTACT; intent=contact_customer_service
858,i am trying to update my delivery address,FAQ,Bitext Customer Support Intent Dataset,category=SHIPPING; intent=change_shipping_address
3059,how do i best deal with the airport,UNKNOWN,CLINC OOS Dataset (test),oos
2383,can you find the answer to number in this algebra two textbook,UNKNOWN,CLINC OOS Dataset (test),oos
1383,i want to check at what time customer support available is,HARD_QUESTION,Bitext Customer Support Intent Dataset,category=CONTACT; intent=contact_customer_service
2553,i dont know how i can inform of a error with online payments,ACCOUNT_OPS,Bitext Customer Support Intent Dataset,category=PAYMENT; intent=payment_issue
1106,i try to notify of issues with registrations,FAQ,Bitext Customer Support Intent Dataset,category=ACCOUNT; intent=registration_problems
1498,i do not know what to do to notify of a signup error,FAQ,Bitext Customer Support Intent Dataset,category=ACCOUNT; intent=registration_problems
1397,i do not know how i can get my bill from,ACCOUNT_OPS,Bitext Customer Support Intent Dataset,category=INVOICE; intent=get_invoice
3104,i don't know what i have to do to switch to the account,FAQ,Bitext Customer Support Intent Dataset,category=ACCOUNT; intent=switch_account
1537,open new account for daughter,FAQ,Bitext Customer Support Intent Dataset,category=ACCOUNT; intent=create_account
2387,i do not know what i need to do to contact customer service,HARD_QUESTION,Bitext Customer Support Intent Dataset,category=CONTACT; intent=contact_customer_service
2660,monthly password for wap. mobsi.com is . use your wap phone not pc.,SPAM,UCI SMS Spam Collection,spam
2810,can you tell me until what time the stock market is open,UNKNOWN,CLINC OOS Dataset (train),oos
2898,i need assistance canceling purchase,ACCOUNT_OPS,Bitext Customer Support Intent Dataset,category=ORDER; intent=cancel_order
1363,tone club: your subs has now expired re-sub reply monoc monos or polyc polys weekly p per week txt stop stop this msg free stream,SPAM,UCI SMS Spam Collection,spam
2893,how do i check when my purchase is gonna arrive,ACCOUNT_OPS,Bitext Customer Support Intent Dataset,category=DELIVERY; intent=delivery_period
941,what is the price to buy more data on my phone,UNKNOWN,CLINC OOS Dataset (test),oos
327,get me a list of the best savings account rates right now,UNKNOWN,CLINC OOS Dataset (test),oos
1236,"i want some cock! my hubby's away, i need a real man satisfy me. txt wife to for no strings action. (txt stop end, txt rec .ea. otbox la ws. )",SPAM,UCI SMS Spam Collection,spam
2255,cancelin account,FAQ,Bitext Customer Support Intent Dataset,category=ACCOUNT; intent=delete_account
3023,assistance changing to the platinum account,FAQ,Bitext Customer Support Intent Dataset,category=ACCOUNT; intent=switch_account
2252,help me to call customer support,HARD_QUESTION,Bitext Customer Support Intent Dataset,category=CONTACT; intent=contact_customer_service
5,ur cash-balance is currently pounds - to maximize ur cash-in now send go to only p/meg. cc: hg/suite/lands row/wjhl,SPAM,UCI SMS Spam Collection,spam
1772,where can i see the methods for shipping,FAQ,Bitext Customer Support Intent Dataset,category=DELIVERY; intent=delivery_options
1059,tell me about the oscars,UNKNOWN,CLINC OOS Dataset (test),oos
1974,which stocks gained the most today,UNKNOWN,CLINC OOS Dataset (test),oos
1971,switch over to low power mode to preserve battery life,UNKNOWN,CLINC OOS Dataset (test),oos
3436,married local women looking for discreet action now! real matches instantly to your phone. text match to msg cost p stop txt stop bcmsfwcnxx,SPAM,UCI SMS Spam Collection,spam
261,i can't edit purchase,ACCOUNT_OPS,Bitext Customer Support Intent Dataset,category=ORDER; intent=change_order
1830,how many voicemail messages do i have,UNKNOWN,CLINC OOS Dataset (test),oos
3146,you have won a guaranteed cash or a prize. to claim yr prize call our customer service representative on between am-pm cost p,SPAM,UCI SMS Spam Collection,spam
3097,urgent! please call from landline. your abta complimentary tenerife holiday or cash await collection sae tcs box cwwx ppm,SPAM,UCI SMS Spam Collection,spam
824,seeingbill from,ACCOUNT_OPS,Bitext Customer Support Intent Dataset,category=INVOICE; intent=check_invoice
2300,i expect a restitution of dollars,ACCOUNT_OPS,Bitext Customer Support Intent Dataset,category=REFUND; intent=track_refund
1419,i need assistance checking how soon can i expect my product,FAQ,Bitext Customer Support Intent Dataset,category=DELIVERY; intent=delivery_period
1249,there is any updates on my rebate,ACCOUNT_OPS,Bitext Customer Support Intent Dataset,category=REFUND; intent=track_refund
2715,"i entered a wrong shipping address, i need help to modify it",FAQ,Bitext Customer Support Intent Dataset,category=SHIPPING; intent=change_shipping_address
2581,how do ispeak with customer service?,HARD_QUESTION,Bitext Customer Support Intent Dataset,category=CONTACT; intent=contact_customer_service
1875,any headlines from my areai,UNKNOWN,CLINC OOS Dataset (train),oos
583,can i lodge a customer claim againmst ur company,FAQ,Bitext Customer Support Intent Dataset,category=FEEDBACK; intent=complaint
734,could you help me solving troubles with online payment ?,ACCOUNT_OPS,Bitext Customer Support Intent Dataset,category=PAYMENT; intent=payment_issue
1203,what kind of camera should i buy,UNKNOWN,CLINC OOS Dataset (test),oos
3000,find out for me what kind of benefits military veterans have after retirement,UNKNOWN,CLINC OOS Dataset (train),oos
618,how do i speak with a live agent?,HARD_QUESTION,Bitext Customer Support Intent Dataset,category=CONTACT; intent=contact_human_agent
2868,i don't know how i can talk to an assistant,HARD_QUESTION,Bitext Customer Support Intent Dataset,category=CONTACT; intent=contact_human_agent
355,help me checking what hours customer support available is,HARD_QUESTION,Bitext Customer Support Intent Dataset,category=CONTACT; intent=contact_customer_service
1083,when will microsoft drop support for windows,UNKNOWN,CLINC OOS Dataset (test),oos
613,"urgent! your mobile was awarded a , bonus caller prize on //. our final attempt contact u! call",SPAM,UCI SMS Spam Collection,spam
332,what color is the car,UNKNOWN,CLINC OOS Dataset (train),oos
1504,are there any school closures today,UNKNOWN,CLINC OOS Dataset (test),oos
2751,i have a problem with the cancellation of a freemium account,FAQ,Bitext Customer Support Intent Dataset,category=ACCOUNT; intent=delete_account
1503,want help seeing what hours ik can call customer service,HARD_QUESTION,Bitext Customer Support Intent Dataset,category=CONTACT; intent=contact_customer_service
2835,scan my photos and tell me which hair style is most suiting for my face,UNKNOWN,CLINC OOS Dataset (test),oos
382,answer the phone,UNKNOWN,CLINC OOS Dataset (test),oos
81,what is the purpose or benefit of a cash advance,UNKNOWN,CLINC OOS Dataset (validation),oos
1881,"how do i deal with angry, painful red bumps",UNKNOWN,CLINC OOS Dataset (test),oos
1610,we tried to contact you re your reply to our offer of a video phone anytime any network mins half price line rental camcorder reply or call,SPAM,UCI SMS Spam Collection,spam
969,how can i get involved in restaurant marketing,UNKNOWN,CLINC OOS Dataset (train),oos
1568,deleting platinum accoumt,FAQ,Bitext Customer Support Intent Dataset,category=ACCOUNT; intent=delete_account
3282,i don't know how i could leave a comment about your company,FAQ,Bitext Customer Support Intent Dataset,category=FEEDBACK; intent=review
1524,i need help to see my bill from,ACCOUNT_OPS,Bitext Customer Support Intent Dataset,category=INVOICE; intent=check_invoice
1221,want help speaking with somebody,HARD_QUESTION,Bitext Customer Support Intent Dataset,category=CONTACT; intent=contact_human_agent
3215,"latest news! police station toilet stolen, cops have nothing to go on!",SPAM,UCI SMS Spam Collection,spam
2880,i need assistance to solve a trouble with online paymentsd,ACCOUNT_OPS,Bitext Customer Support Intent Dataset,category=PAYMENT; intent=payment_issue
2069,what do i have to do to talk with a human agent?,HARD_QUESTION,Bitext Customer Support Intent Dataset,category=CONTACT; intent=contact_human_agent
3199,what time can i reach customer support?,HARD_QUESTION,Bitext Customer Support Intent Dataset,category=CONTACT; intent=contact_customer_service
2072,uare not being helpful help me speak to an operator,HARD_QUESTION,Bitext Customer Support Intent Dataset,category=CONTACT; intent=contact_human_agent
2502,"you are not helpful, help talking to an operator",HARD_QUESTION,Bitext Customer Support Intent Dataset,category=CONTACT; intent=contact_human_agent
2719,"hi, this is mandy sullivan calling from hotmix fm...you are chosen to receive . in our easter prize draw.....please telephone to claim before // or your prize will be transferred to someone else....",SPAM,UCI SMS Spam Collection,spam
1770,"orange brings you ringtones from all time chart heroes, with a free hit each week! go to ringtones pics on wap. to stop receiving these tips reply stop.",SPAM,UCI SMS Spam Collection,spam
1102,how long would it take you to die of thirst in the sahara desert,UNKNOWN,CLINC OOS Dataset (test),oos
2658,"you are guaranteed the latests nokia phone, a gb ipod mp player or a prize! txt word:collect to no:! tc-llc ny-usa p/mt msgrcvd",SPAM,UCI SMS Spam Collection,spam
3010,i have an error trying to change my address,FAQ,Bitext Customer Support Intent Dataset,category=SHIPPING; intent=change_shipping_address
1021,i don't know what i need to do to locate invoice,ACCOUNT_OPS,Bitext Customer Support Intent Dataset,category=INVOICE; intent=check_invoice
23,when are the winter olympic games,UNKNOWN,CLINC OOS Dataset (test),oos
2144,i want help to cancel purchase,ACCOUNT_OPS,Bitext Customer Support Intent Dataset,category=ORDER; intent=cancel_order
1206,i am trying to order some of your article,ACCOUNT_OPS,Bitext Customer Support Intent Dataset,category=ORDER; intent=place_order
2758,private! your account statement for shows un-redeemed s.i.m. points. call identifier code: expires //,SPAM,UCI SMS Spam Collection,spam
886,could you help me chatting with someone?,HARD_QUESTION,Bitext Customer Support Intent Dataset,category=CONTACT; intent=contact_human_agent
2938,ur cash-balance is currently pounds - to maximize ur cash-in now send cash to only p/msg. cc: po box / tcr/w,SPAM,UCI SMS Spam Collection,spam
2456,do you have a phone number to contact customer assistance?,HARD_QUESTION,Bitext Customer Support Intent Dataset,category=CONTACT; intent=contact_customer_service
392,edit details on freemium account,FAQ,Bitext Customer Support Intent Dataset,category=ACCOUNT; intent=edit_account
1705,"dear voucher holder, to claim this weeks offer, at you pc please go to tscs apply.",SPAM,UCI SMS Spam Collection,spam
3354,need help to contact a human agent,HARD_QUESTION,Bitext Customer Support Intent Dataset,category=CONTACT; intent=contact_human_agent
65,"how many people have held the role of county attorney bearing the family name ""dixon""",UNKNOWN,CLINC OOS Dataset (test),oos
2474,where can i report an issue with payments?,ACCOUNT_OPS,Bitext Customer Support Intent Dataset,category=PAYMENT; intent=payment_issue
2965,how can i contact an agent?,HARD_QUESTION,Bitext Customer Support Intent Dataset,category=CONTACT; intent=contact_human_agent
38,see my bills from,ACCOUNT_OPS,Bitext Customer Support Intent Dataset,category=INVOICE; intent=check_invoice
2685,where to check the termination fees?,FAQ,Bitext Customer Support Intent Dataset,category=CANCEL; intent=check_cancellation_fee
1914,urgent! we are trying to contact u. todays draw shows that you have won a prize guaranteed. call from land line. claim c. valid hrs only,SPAM,UCI SMS Spam Collection,spam
2471,i need assistamce to inform of a payment issue,ACCOUNT_OPS,Bitext Customer Support Intent Dataset,category=PAYMENT; intent=payment_issue
1272,i want help submitting my feedback about your products,FAQ,Bitext Customer Support Intent Dataset,category=FEEDBACK; intent=review
1595,how do i make my android phone more secure,UNKNOWN,CLINC OOS Dataset (test),oos
1906,tell me more about unsubscribing frmo ur company newsletter,ACCOUNT_OPS,Bitext Customer Support Intent Dataset,category=SUBSCRIPTION; intent=newsletter_subscription
1018,"oh my god! i've found your number again! i'm so glad, text me back xafter this msgs cst std ntwk chg .",SPAM,UCI SMS Spam Collection,spam
855,talking to customer support,HARD_QUESTION,Bitext Customer Support Intent Dataset,category=CONTACT; intent=contact_customer_service
1920,helpme seeing the early exit fee,FAQ,Bitext Customer Support Intent Dataset,category=CANCEL; intent=check_cancellation_fee
1549,i havd to buy some products,ACCOUNT_OPS,Bitext Customer Support Intent Dataset,category=ORDER; intent=place_order
104,need help seeing your available payment option,ACCOUNT_OPS,Bitext Customer Support Intent Dataset,category=PAYMENT; intent=check_payment_methods
2238,assistance filing a customer claim against ur business,FAQ,Bitext Customer Support Intent Dataset,category=FEEDBACK; intent=complaint
2184,i do not know what to do to ask for rebates of money,ACCOUNT_OPS,Bitext Customer Support Intent Dataset,category=REFUND; intent=get_refund
1784,hlp seeing ur money back guarantee,ACCOUNT_OPS,Bitext Customer Support Intent Dataset,category=REFUND; intent=check_refund_policy
2182,i need assistance to check purchase status,ACCOUNT_OPS,Bitext Customer Support Intent Dataset,category=ORDER; intent=track_order
2849,"i want to check the payment modalities, i need help",ACCOUNT_OPS,Bitext Customer Support Intent Dataset,category=PAYMENT; intent=check_payment_methods
367,wow! the boys r back. take that uk tour. win vip tickets pre-book with vip club. txt club to . trackmarque ltd infovipclubu.,SPAM,UCI SMS Spam Collection,spam
1235,help me speaking to a live agent,HARD_QUESTION,Bitext Customer Support Intent Dataset,category=CONTACT; intent=contact_human_agent
1848,is it possible to write a review about ur rpoducts,FAQ,Bitext Customer Support Intent Dataset,category=FEEDBACK; intent=review
2186,how many seasons of rick and morty are there,UNKNOWN,CLINC OOS Dataset (train),oos
2860,i am trying to cancel my subscription to your newsletter,ACCOUNT_OPS,Bitext Customer Support Intent Dataset,category=SUBSCRIPTION; intent=newsletter_subscription
2226,what is the best reviewed laptop available on the market,UNKNOWN,CLINC OOS Dataset (test),oos
3271,can i download bill ?,ACCOUNT_OPS,Bitext Customer Support Intent Dataset,category=INVOICE; intent=get_invoice
1187,name the leader from tibet that stands firm for world peace,UNKNOWN,CLINC OOS Dataset (test),oos
3041,help me remove a standard account,FAQ,Bitext Customer Support Intent Dataset,category=ACCOUNT; intent=delete_account
1497,i try to talk with an assistant,HARD_QUESTION,Bitext Customer Support Intent Dataset,category=CONTACT; intent=contact_human_agent
1577,"i need to see the withdrawal fee, how to do it?",FAQ,Bitext Customer Support Intent Dataset,category=CANCEL; intent=check_cancellation_fee
1860,i have got to change to the account i need help,FAQ,Bitext Customer Support Intent Dataset,category=ACCOUNT; intent=switch_account
3190,how safe is the herpes vaccine they give women,UNKNOWN,CLINC OOS Dataset (test),oos
1915,how many people are jobless in america,UNKNOWN,CLINC OOS Dataset (test),oos
2239,i dont know what to do to talk with customer assistance,HARD_QUESTION,Bitext Customer Support Intent Dataset,category=CONTACT; intent=contact_customer_service
396,do women still bare their chests for beads at mardi gras,UNKNOWN,CLINC OOS Dataset (test),oos
2620,i have to acquire a product,ACCOUNT_OPS,Bitext Customer Support Intent Dataset,category=ORDER; intent=place_order
2634,are you unique enough? find out from th august.,SPAM,UCI SMS Spam Collection,spam
2336,i want help to contact customer assistance,HARD_QUESTION,Bitext Customer Support Intent Dataset,category=CONTACT; intent=contact_customer_service
3268,need assistance to speak with customer support,HARD_QUESTION,Bitext Customer Support Intent Dataset,category=CONTACT; intent=contact_customer_service
2791,how do i enter a secondary delivery address?,FAQ,Bitext Customer Support Intent Dataset,category=SHIPPING; intent=set_up_shipping_address
1129,i do not know what i need to do to talk with a person,HARD_QUESTION,Bitext Customer Support Intent Dataset,category=CONTACT; intent=contact_human_agent
622,can uhelp me to talk to an assistat,HARD_QUESTION,Bitext Customer Support Intent Dataset,category=CONTACT; intent=contact_human_agent
2619,"i need to earn an article, help me",ACCOUNT_OPS,Bitext Customer Support Intent Dataset,category=ORDER; intent=place_order
2363,look up the operating hours of my local park on weekends,UNKNOWN,CLINC OOS Dataset (test),oos
101,how to see at what time i can contact customer service?,HARD_QUESTION,Bitext Customer Support Intent Dataset,category=CONTACT; intent=contact_customer_service
1958,"i need to speak with customer support, help me",HARD_QUESTION,Bitext Customer Support Intent Dataset,category=CONTACT; intent=contact_customer_service
1669,"i have got to sign up to your newsletter, i need help",ACCOUNT_OPS,Bitext Customer Support Intent Dataset,category=SUBSCRIPTION; intent=newsletter_subscription
1922,see ur payment methods,ACCOUNT_OPS,Bitext Customer Support Intent Dataset,category=PAYMENT; intent=check_payment_methods
2691,search all movies created by disney in the 's,UNKNOWN,CLINC OOS Dataset (test),oos
2881,can i talk with slmebody?,HARD_QUESTION,Bitext Customer Support Intent Dataset,category=CONTACT; intent=contact_human_agent
1671,i do not know how to talk to a human agent,HARD_QUESTION,Bitext Customer Support Intent Dataset,category=CONTACT; intent=contact_human_agent
354,help me to report errors with payment,ACCOUNT_OPS,Bitext Customer Support Intent Dataset,category=PAYMENT; intent=payment_issue
249,how do you know if a mushroom is edible,UNKNOWN,CLINC OOS Dataset (train),oos
644,is there a way to leave my feedback about your services?,FAQ,Bitext Customer Support Intent Dataset,category=FEEDBACK; intent=review
662,i need help to inform of problems with a sign-up,FAQ,Bitext Customer Support Intent Dataset,category=ACCOUNT; intent=registration_problems
1068,which airports do southwest service around the greater new york city area,UNKNOWN,CLINC OOS Dataset (test),oos
68,"urgent! your mobile number won a bonus caller prize on //! this is the nd attempt to reach you! call asap! box nqp, ppm",SPAM,UCI SMS Spam Collection,spam
1263,i call to write a comment for ur products,FAQ,Bitext Customer Support Intent Dataset,category=FEEDBACK; intent=review
1185,how can i become an aerospace engineer,UNKNOWN,CLINC OOS Dataset (train),oos
2412,from lost pound help,SPAM,UCI SMS Spam Collection,spam
782,i don't know what i have to do to call customer service,HARD_QUESTION,Bitext Customer Support Intent Dataset,category=CONTACT; intent=contact_customer_service
287,assistance to speak with bloody customer support,HARD_QUESTION,Bitext Customer Support Intent Dataset,category=CONTACT; intent=contact_customer_service
1884,look on amazon for the price of a nitendo switch,UNKNOWN,CLINC OOS Dataset (test),oos
556,make a list of decor i would need to have a titanic themed birthday party,UNKNOWN,CLINC OOS Dataset (test),oos
524,where do frogs come from,UNKNOWN,CLINC OOS Dataset (train),oos
1540,where can i submit a shipping address?,FAQ,Bitext Customer Support Intent Dataset,category=SHIPPING; intent=set_up_shipping_address
822,can you help me see the status of the reimbursement?,ACCOUNT_OPS,Bitext Customer Support Intent Dataset,category=REFUND; intent=track_refund
1709,i need to check your available payment modalities,ACCOUNT_OPS,Bitext Customer Support Intent Dataset,category=PAYMENT; intent=check_payment_methods
272,is espn covering the golden state warriors game,UNKNOWN,CLINC OOS Dataset (test),oos
1135,i need to correct my address,FAQ,Bitext Customer Support Intent Dataset,category=SHIPPING; intent=change_shipping_address
3347,where do i restore the password ofmy account,FAQ,Bitext Customer Support Intent Dataset,category=ACCOUNT; intent=recover_password
927,"urgent, important information for o user. today is your lucky day! find out why log onto there is a fantastic surprise awaiting for you",SPAM,UCI SMS Spam Collection,spam
1037,'s of girls many local u who r virgins this r ready fil ur every sexual need. can u fil theirs? text cute to (.p. m),SPAM,UCI SMS Spam Collection,spam
2508,i have to contact an agent,HARD_QUESTION,Bitext Customer Support Intent Dataset,category=CONTACT; intent=contact_human_agent
1719,i dont know how to send some feedback for ur services,FAQ,Bitext Customer Support Intent Dataset,category=FEEDBACK; intent=review
162,i want help speaking to customer support,HARD_QUESTION,Bitext Customer Support Intent Dataset,category=CONTACT; intent=contact_customer_service
2590,need assistance canceling order,ACCOUNT_OPS,Bitext Customer Support Intent Dataset,category=ORDER; intent=cancel_order
52,"bangbabes ur order is on the way. u should receive a service msg download ur content. if u do not, goto wap. bangb. tv on ur mobile internet/service menu",SPAM,UCI SMS Spam Collection,spam
2433,i don't know what to do to order a few of your article,ACCOUNT_OPS,Bitext Customer Support Intent Dataset,category=ORDER; intent=place_order
3276,what's the most dominant scale in bluegrass,UNKNOWN,CLINC OOS Dataset (train),oos
2388,deleter a product from purchase,ACCOUNT_OPS,Bitext Customer Support Intent Dataset,category=ORDER; intent=change_order
3230,what do you do all day while i'm at work,UNKNOWN,CLINC OOS Dataset (test),oos
1194,i do not have a goddamn pro acciunt yet help to create one,FAQ,Bitext Customer Support Intent Dataset,category=ACCOUNT; intent=create_account
3193,how many oscars did star wars films win,UNKNOWN,CLINC OOS Dataset (train),oos
2633,update info on pro account,FAQ,Bitext Customer Support Intent Dataset,category=ACCOUNT; intent=edit_account
3359,how could i check the eta of the order,ACCOUNT_OPS,Bitext Customer Support Intent Dataset,category=ORDER; intent=track_order
1366,problems with cancelling order,ACCOUNT_OPS,Bitext Customer Support Intent Dataset,category=ORDER; intent=cancel_order
699,request a refund on the car wax i bought yesterday,UNKNOWN,CLINC OOS Dataset (test),oos
26,free>ringtone!reply real,SPAM,UCI SMS Spam Collection,spam
3294,i do not know what i need to do to obtain my money back,ACCOUNT_OPS,Bitext Customer Support Intent Dataset,category=REFUND; intent=get_refund
2076,i try to retrieve mt account pin,FAQ,Bitext Customer Support Intent Dataset,category=ACCOUNT; intent=recover_password
2087,want help closing a account,FAQ,Bitext Customer Support Intent Dataset,category=ACCOUNT; intent=delete_account
469,how do i see my bill from ?,ACCOUNT_OPS,Bitext Customer Support Intent Dataset,category=INVOICE; intent=check_invoice
198,help me notify of issues with online payments,ACCOUNT_OPS,Bitext Customer Support Intent Dataset,category=PAYMENT; intent=payment_issue
1377,i do not know what i have to do to close my account,FAQ,Bitext Customer Support Intent Dataset,category=ACCOUNT; intent=delete_account
1836,"i need to call customer support, how do i do it?",HARD_QUESTION,Bitext Customer Support Intent Dataset,category=CONTACT; intent=contact_customer_service
182,"i need to talk to customer support, how do i do it?",HARD_QUESTION,Bitext Customer Support Intent Dataset,category=CONTACT; intent=contact_customer_service
395,"themob> check out our newest selection of content, games, tones, gossip, babes and sport, keep your mobile fit and funky text wap to",SPAM,UCI SMS Spam Collection,spam
2273,i want assistance to report signup issues,FAQ,Bitext Customer Support Intent Dataset,category=ACCOUNT; intent=registration_problems
3094,dear xxxxxxx u've been invited to xchat. this is our final attempt to contact u! txt chat to p/msgrcvdhg/suite/lands/row/wjhl ldn yrs,SPAM,UCI SMS Spam Collection,spam
179,i want help checking how soon can i expect the delivery,FAQ,Bitext Customer Support Intent Dataset,category=DELIVERY; intent=delivery_period
1076,enjoy the jamster videosound gold club with your credits for new videosounds logosmusicnews! get more fun from jamster.co.uk! only help? call:,SPAM,UCI SMS Spam Collection,spam
1322,want help norifying of a payment issue,ACCOUNT_OPS,Bitext Customer Support Intent Dataset,category=PAYMENT; intent=payment_issue
1382,how do i submit my secondary shipping address?,FAQ,Bitext Customer Support Intent Dataset,category=SHIPPING; intent=set_up_shipping_address
1716,please read the text message i just received,UNKNOWN,CLINC OOS Dataset (test),oos
1622,i'm trying to check the eta of purchase,ACCOUNT_OPS,Bitext Customer Support Intent Dataset,category=ORDER; intent=track_order
2088,how could i inform of payment errors?,ACCOUNT_OPS,Bitext Customer Support Intent Dataset,category=PAYMENT; intent=payment_issue
2095,what do i have to do to switch to the pro account?,FAQ,Bitext Customer Support Intent Dataset,category=ACCOUNT; intent=switch_account
250,"thanks for your ringtone order, reference number x. your mobile will be charged .. should your tone not arrive please call customer services . from: [colour=red]text[/colour]txtstar",SPAM,UCI SMS Spam Collection,spam
2268,i do not know what i need to do to talk with an assistant,HARD_QUESTION,Bitext Customer Support Intent Dataset,category=CONTACT; intent=contact_human_agent
2280,updating standard account,FAQ,Bitext Customer Support Intent Dataset,category=ACCOUNT; intent=edit_account
2544,report a goddamn problem with payment,ACCOUNT_OPS,Bitext Customer Support Intent Dataset,category=PAYMENT; intent=payment_issue
260,how do i know if there are any updates on my rebate,ACCOUNT_OPS,Bitext Customer Support Intent Dataset,category=REFUND; intent=track_refund
2170,how can i send feedback about a product,FAQ,Bitext Customer Support Intent Dataset,category=FEEDBACK; intent=review
2253,"i have too many credit cards, is there any way you can help me organize them",UNKNOWN,CLINC OOS Dataset (test),oos
400,i do not know how i can speak to someone,HARD_QUESTION,Bitext Customer Support Intent Dataset,category=CONTACT; intent=contact_human_agent
2189,i don't know how to check my restitution status,ACCOUNT_OPS,Bitext Customer Support Intent Dataset,category=REFUND; intent=track_refund
2784,i am trying to check how soon can i expect the damn shipment,FAQ,Bitext Customer Support Intent Dataset,category=DELIVERY; intent=delivery_period
2680,for taking part in our mobile survey yesterday! you can now have texts use however you wish. get txts just send txt to tc .p,SPAM,UCI SMS Spam Collection,spam
956,how is ford's stock doing,UNKNOWN,CLINC OOS Dataset (test),oos
438,i no longer make us of my pro account need help deleting it,FAQ,Bitext Customer Support Intent Dataset,category=ACCOUNT; intent=delete_account
1754,will you tell me what hours i can call customer service ?,HARD_QUESTION,Bitext Customer Support Intent Dataset,category=CONTACT; intent=contact_customer_service
3194,find instructions on how to play taboo,UNKNOWN,CLINC OOS Dataset (test),oos
2283,"i have forgotten my pin, could i reset it?",FAQ,Bitext Customer Support Intent Dataset,category=ACCOUNT; intent=recover_password
2853,"shop till u drop, is it you, either k, k, cash or travel voucher, call now, . ntt po box crbt fixedline cost ppm mobile vary",SPAM,UCI SMS Spam Collection,spam
1658,what'll an education at boulder state college run,UNKNOWN,CLINC OOS Dataset (validation),oos
90,find a good toy to give a year old boy that costs less than,UNKNOWN,CLINC OOS Dataset (test),oos
2158,how much over will overdraft protection cover,UNKNOWN,CLINC OOS Dataset (test),oos
2042,i need assistance making a claim against ur company,FAQ,Bitext Customer Support Intent Dataset,category=FEEDBACK; intent=complaint
499,how can i check what bloody payment options you accept?,ACCOUNT_OPS,Bitext Customer Support Intent Dataset,category=PAYMENT; intent=check_payment_methods
3303,show me your allowed payment options,ACCOUNT_OPS,Bitext Customer Support Intent Dataset,category=PAYMENT; intent=check_payment_methods
1618,who has the longest hair ever,UNKNOWN,CLINC OOS Dataset (test),oos
136,our brand new mobile music service is now live. the free music player will arrive shortly. just install on your phone to browse content from the top artists.,SPAM,UCI SMS Spam Collection,spam
452,hope you enjoyed your new content. text stop to to unsubscribe. help:p provided by tonesyou.co.uk,SPAM,UCI SMS Spam Collection,spam
815,reply with your name and address and you will receive by post a weeks completely free accommodation at various global locations ph:p,SPAM,UCI SMS Spam Collection,spam
3125,how do i check at what time i can call customer support?,HARD_QUESTION,Bitext Customer Support Intent Dataset,category=CONTACT; intent=contact_customer_service
2922,where do i earn something?,ACCOUNT_OPS,Bitext Customer Support Intent Dataset,category=ORDER; intent=place_order
2875,"had your contract mobile mnths? latest motorola, nokia etc. all free! double mins text on orange tariffs. text yes for callback, no to remove from records.",SPAM,UCI SMS Spam Collection,spam
129,has there been anything breaking this afternoon,UNKNOWN,CLINC OOS Dataset (test),oos
3081,is it possible to set up the secondary shipping address,FAQ,Bitext Customer Support Intent Dataset,category=SHIPPING; intent=set_up_shipping_address
2050,where do i notify of a payment problem?,ACCOUNT_OPS,Bitext Customer Support Intent Dataset,category=PAYMENT; intent=payment_issue
3285,ur awarded a city break and could win a summer shopping spree every wk. txt store to . skilgme. tscswinawk!age .perwksub,SPAM,UCI SMS Spam Collection,spam
1131,"i do not understand you, could i contact a person?",HARD_QUESTION,Bitext Customer Support Intent Dataset,category=CONTACT; intent=contact_human_agent
1597,urgent! your mobile number has been awarded with a prize guaranteed. call from land line. claim . valid hrs only ppm,SPAM,UCI SMS Spam Collection,spam
2528,i have to inform of issues with payments,ACCOUNT_OPS,Bitext Customer Support Intent Dataset,category=PAYMENT; intent=payment_issue
2249,"you aren't helpful at all, can i contact somebody?",HARD_QUESTION,Bitext Customer Support Intent Dataset,category=CONTACT; intent=contact_human_agent
2041,i want assistance to contact somebody,HARD_QUESTION,Bitext Customer Support Intent Dataset,category=CONTACT; intent=contact_human_agent
1759,could you help me shop a few of your article?,ACCOUNT_OPS,Bitext Customer Support Intent Dataset,category=ORDER; intent=place_order
3163,"i need to talk to customer support, how can i do it?",HARD_QUESTION,Bitext Customer Support Intent Dataset,category=CONTACT; intent=contact_customer_service
224,sunshine quiz wkly q! win a top sony dvd player if u know which country liverpool played in mid week? txt ansr to . . sp:tyrone,SPAM,UCI SMS Spam Collection,spam
657,"lookatme!: thanks for your purchase of a video clip from lookatme!, you've been charged p. think you can do better? why not send a video in a mmsto .",SPAM,UCI SMS Spam Collection,spam
1556,help me get in touch with customer support,HARD_QUESTION,Bitext Customer Support Intent Dataset,category=CONTACT; intent=contact_customer_service
2051,i don't know what i have to do to open a account,FAQ,Bitext Customer Support Intent Dataset,category=ACCOUNT; intent=create_account
75,welcome! please reply with your age and gender to begin. e.g m,SPAM,UCI SMS Spam Collection,spam
1611,i need assistance checking what methods for delivery i have,FAQ,Bitext Customer Support Intent Dataset,category=DELIVERY; intent=delivery_options
1663,do you want a new nokia i colour phone deliveredtomorrow? with free minutes to any mobile free texts free camcorder reply or call .,SPAM,UCI SMS Spam Collection,spam
1718,i do not know how i can get in touch with customer service,HARD_QUESTION,Bitext Customer Support Intent Dataset,category=CONTACT; intent=contact_customer_service
2798,how to see order current status?,ACCOUNT_OPS,Bitext Customer Support Intent Dataset,category=ORDER; intent=track_order
1959,need to modify my personal data can uhelp me,FAQ,Bitext Customer Support Intent Dataset,category=ACCOUNT; intent=edit_account
1785,you have been specially selected to receive a pound award! call before the lines close. cost ppm. . tcs apply. ag promo,SPAM,UCI SMS Spam Collection,spam
1697,uhave a way to send a reivew,FAQ,Bitext Customer Support Intent Dataset,category=FEEDBACK; intent=review
1339,"text>> get more ringtones, logos and games from questions: infotxt.co.uk",SPAM,UCI SMS Spam Collection,spam
344,can yaa help me talking with a live agent,HARD_QUESTION,Bitext Customer Support Intent Dataset,category=CONTACT; intent=contact_human_agent
286,what are bbc headlinesi,UNKNOWN,CLINC OOS Dataset (train),oos
2156,submitting service review,FAQ,Bitext Customer Support Intent Dataset,category=FEEDBACK; intent=review
2234,find out when green book was created,UNKNOWN,CLINC OOS Dataset (test),oos
1104,double your mins txts on orange or / price linerental - motorola and sonyericsson with b/tooth free-nokia free call mobileupd on oroptout/hvd,SPAM,UCI SMS Spam Collection,spam
2772,can you give me the most current market news,UNKNOWN,CLINC OOS Dataset (test),oos
3056,"declare a variable named ""golf""",UNKNOWN,CLINC OOS Dataset (test),oos
2006,"urgent urgent! we have free flights to europe to give away, call b th sept take a friend free. call now to claim on . bannfwflyppm",SPAM,UCI SMS Spam Collection,spam
2628,i try to speak to an assistant,HARD_QUESTION,Bitext Customer Support Intent Dataset,category=CONTACT; intent=contact_human_agent
1330,is beer legal in this state,UNKNOWN,CLINC OOS Dataset (test),oos
516,wanna get laid nite? want real dogging locations sent direct to ur mobile? join the uk's largest dogging network. txt park to now! nyt. eca. lp ./msg,SPAM,UCI SMS Spam Collection,spam
562,"freeday sexy st george's day pic of jordan!txt pic to dont miss out, then every wk a saucy celeb! more pics c pocketbabe.co.uk /wk",SPAM,UCI SMS Spam Collection,spam
892,todays voda numbers ending with are selected to receive a reward. if you have a match please call quoting claim code standard rates apply.,SPAM,UCI SMS Spam Collection,spam
2112,could you help me talk to an assistant?,HARD_QUESTION,Bitext Customer Support Intent Dataset,category=CONTACT; intent=contact_human_agent
1851,i'm trying ot lodge a consumer complaint against ur company,FAQ,Bitext Customer Support Intent Dataset,category=FEEDBACK; intent=complaint
460,i need assistance making a consumer claim against ur compan,FAQ,Bitext Customer Support Intent Dataset,category=FEEDBACK; intent=complaint
1563,search up the cast in the walking dead,UNKNOWN,CLINC OOS Dataset (test),oos
2004,from next month get upto more calls ur standard network charge activate call c wire.net stterms pobox m uz cost . min mobcudb more,SPAM,UCI SMS Spam Collection,spam
1653,"got what it takes take part in the wrc rally in oz? u can with lucozade energy! text rally le to (p), see packs or lucozade.co.uk/wrc itcould be u!",SPAM,UCI SMS Spam Collection,spam
1368,"if you're dishonorably discharged, are you still a veteran",UNKNOWN,CLINC OOS Dataset (train),oos
289,where do i lodge a damn claim against your business?,FAQ,Bitext Customer Support Intent Dataset,category=FEEDBACK; intent=complaint
2173,i don't know how i can speak with customer service,HARD_QUESTION,Bitext Customer Support Intent Dataset,category=CONTACT; intent=contact_customer_service
3225,i have got to talk to a person,HARD_QUESTION,Bitext Customer Support Intent Dataset,category=CONTACT; intent=contact_human_agent
3192,how does cybersecurity work,UNKNOWN,CLINC OOS Dataset (validation),oos
2649,i want to modify the delivery address,FAQ,Bitext Customer Support Intent Dataset,category=SHIPPING; intent=change_shipping_address
1124,can you show me my -digit credit card verification number,UNKNOWN,CLINC OOS Dataset (train),oos
2770,<forwarded from >hi - this is your mailbox messaging sms alert. you have messages. you have matches. please call back on to retrieve your messages and matches,SPAM,UCI SMS Spam Collection,spam
2159,where do i change my address?,FAQ,Bitext Customer Support Intent Dataset,category=SHIPPING; intent=change_shipping_address
1084,goldviking (/m) is inviting you to be his friend. reply yes- or no- see him: stop? send stop frnd to,SPAM,UCI SMS Spam Collection,spam
913,had your mobile months or more? u r entitled to update to the latest colour mobiles with camera for free! call the mobile update co free on,SPAM,UCI SMS Spam Collection,spam
2265,"you are not helpful at all, help me contacting somebody",HARD_QUESTION,Bitext Customer Support Intent Dataset,category=CONTACT; intent=contact_human_agent
506,how do i decide on a good first tattoo,UNKNOWN,CLINC OOS Dataset (train),oos
322,is it possible to order from,ACCOUNT_OPS,Bitext Customer Support Intent Dataset,category=DELIVERY; intent=delivery_options
1882,should i hit or stay at in blackjack,UNKNOWN,CLINC OOS Dataset (validation),oos
946,how do i check if there are any updates on the restitution?,ACCOUNT_OPS,Bitext Customer Support Intent Dataset,category=REFUND; intent=track_refund
2979,thanks for your subscription to ringtone uk your mobile will be charged /month please confirm by replying yes or no. if you reply no you will not be charged,SPAM,UCI SMS Spam Collection,spam
2945,where could i open a premium account for my fiance?,FAQ,Bitext Customer Support Intent Dataset,category=ACCOUNT; intent=create_account
3187,what are yahoo's top stories right now,UNKNOWN,CLINC OOS Dataset (test),oos
1028,is there a method to send feedback for a product?,FAQ,Bitext Customer Support Intent Dataset,category=FEEDBACK; intent=review
2216,i try to check my restitution status,ACCOUNT_OPS,Bitext Customer Support Intent Dataset,category=REFUND; intent=track_refund
446,can you help me to see the current status of my refund?,ACCOUNT_OPS,Bitext Customer Support Intent Dataset,category=REFUND; intent=track_refund
1674,i don't know how to check the payment methods,ACCOUNT_OPS,Bitext Customer Support Intent Dataset,category=PAYMENT; intent=check_payment_methods
680,i need to contct an operator,HARD_QUESTION,Bitext Customer Support Intent Dataset,category=CONTACT; intent=contact_human_agent
3377,i am looking for information about a forgotten key,FAQ,Bitext Customer Support Intent Dataset,category=ACCOUNT; intent=recover_password
982,what activities can i to do outside today,UNKNOWN,CLINC OOS Dataset (test),oos
2764,want assistance updating my account,FAQ,Bitext Customer Support Intent Dataset,category=ACCOUNT; intent=edit_account
3060,wanna locate my invoice from how do i do it,ACCOUNT_OPS,Bitext Customer Support Intent Dataset,category=INVOICE; intent=check_invoice
1892,i cannot check my compensation current status,ACCOUNT_OPS,Bitext Customer Support Intent Dataset,category=REFUND; intent=track_refund
2514,can you help me talking with an operator?,HARD_QUESTION,Bitext Customer Support Intent Dataset,category=CONTACT; intent=contact_human_agent
2918,free tones hope you enjoyed your new content. text stop to to unsubscribe. help:p provided by tonesyou.co.uk,SPAM,UCI SMS Spam Collection,spam
2712,i cannot retrieve my user account pin code,FAQ,Bitext Customer Support Intent Dataset,category=ACCOUNT; intent=recover_password
1491,"congrats mobile g videophones r yours. call now! videochat wid ur mates, play java games, dload polyph music, noline rentl. bx. ip. we. p",SPAM,UCI SMS Spam Collection,spam
1439,how could i file a claim against your organization?,FAQ,Bitext Customer Support Intent Dataset,category=FEEDBACK; intent=complaint
3074,"free ringtone text first to for a poly or text get to for a true tone! help? after st free, tones are xpw to end txt stop",SPAM,UCI SMS Spam Collection,spam
274,how to check what payment options are available,ACCOUNT_OPS,Bitext Customer Support Intent Dataset,category=PAYMENT; intent=check_payment_methods
1580,edit ordr,ACCOUNT_OPS,Bitext Customer Support Intent Dataset,category=ORDER; intent=change_order
2116,can i see the shipping options?,FAQ,Bitext Customer Support Intent Dataset,category=DELIVERY; intent=delivery_options
3391,will the anti-vaxxers die off if no one gives them vaccines,UNKNOWN,CLINC OOS Dataset (test),oos
1559,could you help me to see how soon can i expect the item?,FAQ,Bitext Customer Support Intent Dataset,category=DELIVERY; intent=delivery_period
1299,i need help calling customer service,HARD_QUESTION,Bitext Customer Support Intent Dataset,category=CONTACT; intent=contact_customer_service
1968,can you help me to send feedback for your services?,FAQ,Bitext Customer Support Intent Dataset,category=FEEDBACK; intent=review
2906,do you deliver to ?,FAQ,Bitext Customer Support Intent Dataset,category=DELIVERY; intent=delivery_options
2495,tell me what pokemon is,UNKNOWN,CLINC OOS Dataset (test),oos
3340,i do not know what to do to check the restitution status,ACCOUNT_OPS,Bitext Customer Support Intent Dataset,category=REFUND; intent=track_refund
248,want help to see the withdrawal charges,FAQ,Bitext Customer Support Intent Dataset,category=CANCEL; intent=check_cancellation_fee
1273,can i talk with a bloody agent?,HARD_QUESTION,Bitext Customer Support Intent Dataset,category=CONTACT; intent=contact_human_agent
2461,where's the closest car wash my car smells,UNKNOWN,CLINC OOS Dataset (test),oos
3130,i do not know how to unsubscribe to ur corporate newsletter,ACCOUNT_OPS,Bitext Customer Support Intent Dataset,category=SUBSCRIPTION; intent=newsletter_subscription
103,how to check the current status of order ?,ACCOUNT_OPS,Bitext Customer Support Intent Dataset,category=ORDER; intent=track_order
125,where to see what hours i can contact customer support?,HARD_QUESTION,Bitext Customer Support Intent Dataset,category=CONTACT; intent=contact_customer_service
1695,program my new robot to bring me snacks,UNKNOWN,CLINC OOS Dataset (test),oos
2035,", do you want a new nokia i colour phone deliveredtomorrow? with free minutes to any mobile free texts free camcorder reply or call .",SPAM,UCI SMS Spam Collection,spam
2177,"i want to talk with customer support, can you help me?",HARD_QUESTION,Bitext Customer Support Intent Dataset,category=CONTACT; intent=contact_customer_service
1457,"i don't understand you, can you help me talk with an agent?",HARD_QUESTION,Bitext Customer Support Intent Dataset,category=CONTACT; intent=contact_human_agent
3390,can you help me speaking with somebody?,HARD_QUESTION,Bitext Customer Support Intent Dataset,category=CONTACT; intent=contact_human_agent
479,"update_now - xmas offer! latest motorola, sonyericsson nokia free bluetooth! double mins txt on orange. call mobileupd on or calloptout/fq=",SPAM,UCI SMS Spam Collection,spam
521,don't b floppy... b snappy happy! only gay chat service with photo upload call (p/min). stop our texts call,SPAM,UCI SMS Spam Collection,spam
3308,i have to retrieve the key of my user,FAQ,Bitext Customer Support Intent Dataset,category=ACCOUNT; intent=recover_password
2794,"urgent! you have won a week free membership in our , prize jackpot! txt the word: claim to no: tc lccltd pobox ldnwarw",SPAM,UCI SMS Spam Collection,spam
347,wantr help to solve issues with payment,ACCOUNT_OPS,Bitext Customer Support Intent Dataset,category=PAYMENT; intent=payment_issue
724,i do not knoww what i need to do to close the account,FAQ,Bitext Customer Support Intent Dataset,category=ACCOUNT; intent=delete_account
939,urgent! please call from a landline. cash or a holiday await collection. t cs sae po box mxy.,SPAM,UCI SMS Spam Collection,spam
3367,how can i talk with an human agent,HARD_QUESTION,Bitext Customer Support Intent Dataset,category=CONTACT; intent=contact_human_agent
1074,"get lions england tone, reply lionm mono or lionp poly. more go the original n best. tones gbp network operator rates apply.",SPAM,UCI SMS Spam Collection,spam
1358,help me to report damn sign-up erors,FAQ,Bitext Customer Support Intent Dataset,category=ACCOUNT; intent=registration_problems
1795,someonone you know is trying to contact you via our dating service! to find out who it could be call from your mobile or landline boxskch,SPAM,UCI SMS Spam Collection,spam
2527,how can i contact customer service?,HARD_QUESTION,Bitext Customer Support Intent Dataset,category=CONTACT; intent=contact_customer_service
300,i dont know how i can talk with someone,HARD_QUESTION,Bitext Customer Support Intent Dataset,category=CONTACT; intent=contact_human_agent
408,"i need to locate my bill from , will you help me?",ACCOUNT_OPS,Bitext Customer Support Intent Dataset,category=INVOICE; intent=check_invoice
423,"congratulations - thanks to a good friend u have won the , xmas prize. claim is easy, just call now! only p per minute. bt-national-rate",SPAM,UCI SMS Spam Collection,spam
1589,show me recent activity in my backyard,UNKNOWN,CLINC OOS Dataset (validation),oos
683,i cannot contact an assistant,HARD_QUESTION,Bitext Customer Support Intent Dataset,category=CONTACT; intent=contact_human_agent
1480,review chapter with my son and verify his math homework answers,UNKNOWN,CLINC OOS Dataset (test),oos
2859,can you help me shopping some items?,ACCOUNT_OPS,Bitext Customer Support Intent Dataset,category=ORDER; intent=place_order
2292,where do i receive reimbursements of my money,ACCOUNT_OPS,Bitext Customer Support Intent Dataset,category=REFUND; intent=get_refund
1188,download all the photos off my phone into the cloud,UNKNOWN,CLINC OOS Dataset (test),oos
1680,i'm trying to check if there are any updates on the rebate,ACCOUNT_OPS,Bitext Customer Support Intent Dataset,category=REFUND; intent=track_refund
1319,"email my boss, tell him i wont be in today",UNKNOWN,CLINC OOS Dataset (test),oos
3323,how can i check what hours i can reach customer service?,HARD_QUESTION,Bitext Customer Support Intent Dataset,category=CONTACT; intent=contact_customer_service
979,"i have got to get the bill from , will you help me?",ACCOUNT_OPS,Bitext Customer Support Intent Dataset,category=INVOICE; intent=get_invoice
2397,i am trying to notify of registration issues,FAQ,Bitext Customer Support Intent Dataset,category=ACCOUNT; intent=registration_problems
3149,"hot live fantasies call now just p per min ntt ltd, po box croydon cr wb is a national rate call",SPAM,UCI SMS Spam Collection,spam
1858,"hello darling how are you today? i would love to have a chat, why dont you tell me what you look like and what you are in to sexy?",SPAM,UCI SMS Spam Collection,spam
3214,u have a secret admirer who is looking make contact with u-find out who they rreveal who thinks ur so special-call on,SPAM,UCI SMS Spam Collection,spam
2151,this msg is for your mobile content order it has been resent as previous attempt failed due to network error queries to customersqueriesnetvision.uk.com,SPAM,UCI SMS Spam Collection,spam
1415,i don't know what to do to chat with somebody,HARD_QUESTION,Bitext Customer Support Intent Dataset,category=CONTACT; intent=contact_human_agent
1762,what is your customer support mail?,HARD_QUESTION,Bitext Customer Support Intent Dataset,category=CONTACT; intent=contact_customer_service
3325,freemsg>fav xmas tones!reply real,SPAM,UCI SMS Spam Collection,spam
2744,i want help filing a damn customer claim against ur business,FAQ,Bitext Customer Support Intent Dataset,category=FEEDBACK; intent=complaint
647,how can i contact a operator,HARD_QUESTION,Bitext Customer Support Intent Dataset,category=CONTACT; intent=contact_human_agent
667,what's the cost of buying a sump pump,UNKNOWN,CLINC OOS Dataset (test),oos
1650,find directions to the sunshine car wash from my house,UNKNOWN,CLINC OOS Dataset (test),oos
2139,help me to check the eta of the purchase,ACCOUNT_OPS,Bitext Customer Support Intent Dataset,category=ORDER; intent=track_order
1199,i want to oldge a claim against your business,FAQ,Bitext Customer Support Intent Dataset,category=FEEDBACK; intent=complaint
718,i have got to talk with somebody,HARD_QUESTION,Bitext Customer Support Intent Dataset,category=CONTACT; intent=contact_human_agent
334,how do i upgrade my operating system,UNKNOWN,CLINC OOS Dataset (test),oos
2673,i do not know what i need to do to speak to a person,HARD_QUESTION,Bitext Customer Support Intent Dataset,category=CONTACT; intent=contact_human_agent
592,i do not know how i could speak to a damn person,HARD_QUESTION,Bitext Customer Support Intent Dataset,category=CONTACT; intent=contact_human_agent
1423,is the bank open on mlk day,UNKNOWN,CLINC OOS Dataset (test),oos
2984,correcting data on account,FAQ,Bitext Customer Support Intent Dataset,category=ACCOUNT; intent=edit_account
2831,want assistance seeing your reimbursement policy,ACCOUNT_OPS,Bitext Customer Support Intent Dataset,category=REFUND; intent=check_refund_policy
2150,would it be possible to speak with customer support?,HARD_QUESTION,Bitext Customer Support Intent Dataset,category=CONTACT; intent=contact_customer_service
186,how can i get information about the options for delivery,FAQ,Bitext Customer Support Intent Dataset,category=DELIVERY; intent=delivery_options
1162,what do i need to do to see invoice ?,ACCOUNT_OPS,Bitext Customer Support Intent Dataset,category=INVOICE; intent=check_invoice
2472,u are subscribed to the best mobile content service in the uk for per days until you send stop to . helpline,SPAM,UCI SMS Spam Collection,spam
1231,how can i speak with an assistznt,HARD_QUESTION,Bitext Customer Support Intent Dataset,category=CONTACT; intent=contact_human_agent
1428,open a account for my dad,FAQ,Bitext Customer Support Intent Dataset,category=ACCOUNT; intent=create_account
1675,"u can win of music gift vouchers every week starting now txt the word draw to tscs skillgame, winaweek, age. ppermesssubscription",SPAM,UCI SMS Spam Collection,spam
2029,i want assistance to get in touch with customer service,HARD_QUESTION,Bitext Customer Support Intent Dataset,category=CONTACT; intent=contact_customer_service
1727,free for st week! no nokia tone ur mob every week just txt nokia to get txting and tell ur mates pobox w wq norm p/tone,SPAM,UCI SMS Spam Collection,spam
2957,can ya help me see the early termination fee,FAQ,Bitext Customer Support Intent Dataset,category=CANCEL; intent=check_cancellation_fee
940,mobile club: choose any of the top quality items for your mobile. cfcaa,SPAM,UCI SMS Spam Collection,spam
1513,i cannot talk with a operator,HARD_QUESTION,Bitext Customer Support Intent Dataset,category=CONTACT; intent=contact_human_agent
2436,i am calling to make a complaint against your company,FAQ,Bitext Customer Support Intent Dataset,category=FEEDBACK; intent=complaint
41,can you really get arrested for yelling fire in a crowded theater,UNKNOWN,CLINC OOS Dataset (test),oos
776,what do i need to do to get my iinvoices from,ACCOUNT_OPS,Bitext Customer Support Intent Dataset,category=INVOICE; intent=get_invoice
385,sms auction - a brand new nokia is up auction today! auction is free join take part! txt nokia to now!,SPAM,UCI SMS Spam Collection,spam
2418,i need help to reset my user pin code,FAQ,Bitext Customer Support Intent Dataset,category=ACCOUNT; intent=recover_password
489,where can i subscribe to ur corporate newsletter,ACCOUNT_OPS,Bitext Customer Support Intent Dataset,category=SUBSCRIPTION; intent=newsletter_subscription
1078,i cannot unsubscribe to ur company newsletter,ACCOUNT_OPS,Bitext Customer Support Intent Dataset,category=SUBSCRIPTION; intent=newsletter_subscription
1923,rct' thnq adrian for u text. rgds vatian,SPAM,UCI SMS Spam Collection,spam
1895,important information orange user xxxxxx. today is ur lucky day! find out why log onto there's a fantastic prizeawaiting you!,SPAM,UCI SMS Spam Collection,spam
55,i try to track purchase,ACCOUNT_OPS,Bitext Customer Support Intent Dataset,category=ORDER; intent=track_order
803,is it possible to check invoice,ACCOUNT_OPS,Bitext Customer Support Intent Dataset,category=INVOICE; intent=check_invoice
370,is there a fork in the road sign at main st avenue,UNKNOWN,CLINC OOS Dataset (test),oos
3096,find someone local who mows lawns,UNKNOWN,CLINC OOS Dataset (test),oos
3398,ur hmv quiz cash-balance is currently - to maximize ur cash-in now send hmv to only p/msg,SPAM,UCI SMS Spam Collection,spam
25,tell me how i can file a pleading in circuit court,UNKNOWN,CLINC OOS Dataset (test),oos
2639,iwant assistance canceling order,ACCOUNT_OPS,Bitext Customer Support Intent Dataset,category=ORDER; intent=cancel_order
112,is anything being newscasted about the threat of famine in chadu,UNKNOWN,CLINC OOS Dataset (test),oos
1145,u have won a nokia plus a free digital camera. this is what u get when u win our free auction. to take part send nokia to now. pobox/tcr/w,SPAM,UCI SMS Spam Collection,spam
2443,i need you to check the resistance of a coil wrapped times with an id of mm,UNKNOWN,CLINC OOS Dataset (test),oos
2243,how do you unclog a toilet,UNKNOWN,CLINC OOS Dataset (test),oos
2769,"thanks for your ringtone order, ref number k. your mobile will be charged .. should your tone not arrive please call customer services on",SPAM,UCI SMS Spam Collection,spam
3257,wana check how soon can i expect my order i need help,ACCOUNT_OPS,Bitext Customer Support Intent Dataset,category=DELIVERY; intent=delivery_period
1032,how to talk to an assistant?,HARD_QUESTION,Bitext Customer Support Intent Dataset,category=CONTACT; intent=contact_human_agent
3108,find out how many miles the mississippi waterway runs,UNKNOWN,CLINC OOS Dataset (test),oos
482,fancy a shag? i do.interested? sextextuk.com txt xxuk suzy to . txts cost . per msg. tncs on website. x,SPAM,UCI SMS Spam Collection,spam
3300,"i want to get the bill , i need help",ACCOUNT_OPS,Bitext Customer Support Intent Dataset,category=INVOICE; intent=get_invoice
1963,how do i get red wine out of a couch cushion,UNKNOWN,CLINC OOS Dataset (test),oos
448,"free message activate your free text messages by replying to this message with the word free for terms conditions, visit",SPAM,UCI SMS Spam Collection,spam
1453,"you have won a , price! to claim, call .",SPAM,UCI SMS Spam Collection,spam
2583,how can i make my living room appear to be bigger than it is,UNKNOWN,CLINC OOS Dataset (test),oos
945,- rodger burns - msg = we tried to call you re your reply to our sms for a free nokia mobile free camcorder. please call now for delivery tomorrow,SPAM,UCI SMS Spam Collection,spam
2795,i dont know what to do to talk to an assistant,HARD_QUESTION,Bitext Customer Support Intent Dataset,category=CONTACT; intent=contact_human_agent
539,wash windshield,UNKNOWN,CLINC OOS Dataset (test),oos
1685,i dont know how to contact customer support,HARD_QUESTION,Bitext Customer Support Intent Dataset,category=CONTACT; intent=contact_customer_service
2767,i expect a reimbursement of dollars,ACCOUNT_OPS,Bitext Customer Support Intent Dataset,category=REFUND; intent=track_refund
3118,can you list all channels of a certain category,UNKNOWN,CLINC OOS Dataset (test),oos
373,"i want to talk with fucking customer support, help me",HARD_QUESTION,Bitext Customer Support Intent Dataset,category=CONTACT; intent=contact_customer_service
2593,research how many deaths has resulted from skydiving,UNKNOWN,CLINC OOS Dataset (test),oos
3334,i dont know how to restore the pin of myuser account,FAQ,Bitext Customer Support Intent Dataset,category=ACCOUNT; intent=recover_password
779,could you help me speak to somebody?,HARD_QUESTION,Bitext Customer Support Intent Dataset,category=CONTACT; intent=contact_human_agent
897,"you have been specially selected to receive a "" award! call before the lines close. cost ppm. . tcs apply. ag promo",SPAM,UCI SMS Spam Collection,spam
2706,what shows are on tonight,UNKNOWN,CLINC OOS Dataset (test),oos
1472,can you tell me more about modifying my shipping address?,FAQ,Bitext Customer Support Intent Dataset,category=SHIPPING; intent=change_shipping_address
1473,"dear voucher holder, to claim this weeks offer, at you pc please go to tscs apply. to stop texts, txt stop to",SPAM,UCI SMS Spam Collection,spam
2123,i want help retrieving the pin code of my user profile,FAQ,Bitext Customer Support Intent Dataset,category=ACCOUNT; intent=recover_password
533,warner village c colin farrell in swat this wkend warner village get free med. popcorn!just show msgticketkiosk.valid -/. c tc kiosk. reply sony mre film offers,SPAM,UCI SMS Spam Collection,spam
2987,check in which situations can i request reimbursements,ACCOUNT_OPS,Bitext Customer Support Intent Dataset,category=REFUND; intent=check_refund_policy
962,who makes milky way bars,UNKNOWN,CLINC OOS Dataset (test),oos
634,how do i start my own marketing firm,UNKNOWN,CLINC OOS Dataset (train),oos
1782,help to check what hours i can call customer service,HARD_QUESTION,Bitext Customer Support Intent Dataset,category=CONTACT; intent=contact_customer_service
2603,"i want to check bill , can i get some help?",ACCOUNT_OPS,Bitext Customer Support Intent Dataset,category=INVOICE; intent=check_invoice
497,can you help me seeing the options for delivery?,FAQ,Bitext Customer Support Intent Dataset,category=DELIVERY; intent=delivery_options
1506,i need assistance tracking my reimbursement,ACCOUNT_OPS,Bitext Customer Support Intent Dataset,category=REFUND; intent=track_refund
2264,what are some of the most visited countries for people looking to travel abroad,UNKNOWN,CLINC OOS Dataset (test),oos
1842,what is the highest belt in karate,UNKNOWN,CLINC OOS Dataset (test),oos
682,what is the safest model of airplane to fly in,UNKNOWN,CLINC OOS Dataset (test),oos
210,can you clock me in,UNKNOWN,CLINC OOS Dataset (train),oos
2269,"the payment failed, assistance informing of an issue",ACCOUNT_OPS,Bitext Customer Support Intent Dataset,category=PAYMENT; intent=payment_issue
1534,will you tell me what hours i can call customer assistance?,HARD_QUESTION,Bitext Customer Support Intent Dataset,category=CONTACT; intent=contact_customer_service
3262,can you help me talking with someone?,HARD_QUESTION,Bitext Customer Support Intent Dataset,category=CONTACT; intent=contact_human_agent
2330,who is the best architecture,UNKNOWN,CLINC OOS Dataset (test),oos
161,i try to file a claim,FAQ,Bitext Customer Support Intent Dataset,category=FEEDBACK; intent=complaint
1644,can you send an email to client b,UNKNOWN,CLINC OOS Dataset (train),oos
1862,how to talk to a fucking person?,HARD_QUESTION,Bitext Customer Support Intent Dataset,category=CONTACT; intent=contact_human_agent
959,i don't know u and u don't know me. send chat to now and let's find each other! only p/msg rcvd. hg/suite/lands/row/wjhl ldn. years or over.,SPAM,UCI SMS Spam Collection,spam
2874,checking allowed payment methods,ACCOUNT_OPS,Bitext Customer Support Intent Dataset,category=PAYMENT; intent=check_payment_methods
2013,i want help restoring my pin code,FAQ,Bitext Customer Support Intent Dataset,category=ACCOUNT; intent=recover_password
3318,"i have got to see the allowed payment modalities, help me",ACCOUNT_OPS,Bitext Customer Support Intent Dataset,category=PAYMENT; intent=check_payment_methods
1715,i need assistance talking to an assistant,HARD_QUESTION,Bitext Customer Support Intent Dataset,category=CONTACT; intent=contact_human_agent
2638,how many pokemon are there,UNKNOWN,CLINC OOS Dataset (train),oos
2782,need help checking whatt hours customer support available is,HARD_QUESTION,Bitext Customer Support Intent Dataset,category=CONTACT; intent=contact_customer_service
1864,can ya help me contactsomebody,HARD_QUESTION,Bitext Customer Support Intent Dataset,category=CONTACT; intent=contact_human_agent
2771,freemsg: fancy a flirt? reply date now join the uks fastest growing mobile dating service. msgs rcvd just p to optout txt stop to . reply date now!,SPAM,UCI SMS Spam Collection,spam
24,how to check the status of order ?,ACCOUNT_OPS,Bitext Customer Support Intent Dataset,category=ORDER; intent=track_order
2368,i need help speaking with a live agent,HARD_QUESTION,Bitext Customer Support Intent Dataset,category=CONTACT; intent=contact_human_agent
3387,i need assistance to see the delivery methods,FAQ,Bitext Customer Support Intent Dataset,category=DELIVERY; intent=delivery_options
2369,call and send our girls into erotic ecstacy. just p/min. to stop texts call (nat rate),SPAM,UCI SMS Spam Collection,spam
2741,private! your account statement for shows un-redeemed s.i.m. points. call identifier code:xx expires //,SPAM,UCI SMS Spam Collection,spam
2988,private! your account statement for shows un-redeemed s. i. m. points. call identifier code: expires //,SPAM,UCI SMS Spam Collection,spam
2554,how many firewalls should i have and what type,UNKNOWN,CLINC OOS Dataset (validation),oos
3431,"what's going on in the world today, anything major",UNKNOWN,CLINC OOS Dataset (test),oos
2130,i have to notify of errors with online payment,ACCOUNT_OPS,Bitext Customer Support Intent Dataset,category=PAYMENT; intent=payment_issue
3016,which movie is it that someone says perfectly balanced as all things should be,UNKNOWN,CLINC OOS Dataset (test),oos
797,help me see in which situations cani ask to be refunded,ACCOUNT_OPS,Bitext Customer Support Intent Dataset,category=REFUND; intent=check_refund_policy
3351,i try to check what shipment methods i have,FAQ,Bitext Customer Support Intent Dataset,category=DELIVERY; intent=delivery_options
1109,"ou are guaranteed the latest nokia phone, a gb ipod mp player or a prize! txt word: collect to no: ! ibhltd ldnwh p/mtmsgrcvd",SPAM,UCI SMS Spam Collection,spam
1811,i need assistance sending some feedback for a product,FAQ,Bitext Customer Support Intent Dataset,category=FEEDBACK; intent=review
2525,what's the cost to have a business card printed,UNKNOWN,CLINC OOS Dataset (test),oos
2008,can you help me to speak with a bloody operator?,HARD_QUESTION,Bitext Customer Support Intent Dataset,category=CONTACT; intent=contact_human_agent
1596,help me seeing what payment options are available,ACCOUNT_OPS,Bitext Customer Support Intent Dataset,category=PAYMENT; intent=check_payment_methods
2854,i want to know more about cancel my newsletter subscription,ACCOUNT_OPS,Bitext Customer Support Intent Dataset,category=SUBSCRIPTION; intent=newsletter_subscription
3281,i wanty to contact an operator,HARD_QUESTION,Bitext Customer Support Intent Dataset,category=CONTACT; intent=contact_human_agent
727,i dnt use my account want help to delete it,FAQ,Bitext Customer Support Intent Dataset,category=ACCOUNT; intent=delete_account
483,help locating my invoice,ACCOUNT_OPS,Bitext Customer Support Intent Dataset,category=INVOICE; intent=check_invoice
2551,great news! call freefone to claim your guaranteed cash or gift. speak to a live operator now!,SPAM,UCI SMS Spam Collection,spam
825,deny incoming phone call,UNKNOWN,CLINC OOS Dataset (test),oos
2774,what is bitcoin trading for currently,UNKNOWN,CLINC OOS Dataset (test),oos
1562,i don't know what to do to seak to a person,HARD_QUESTION,Bitext Customer Support Intent Dataset,category=CONTACT; intent=contact_human_agent
284,what marvel movie did mark ruffalo first appear in,UNKNOWN,CLINC OOS Dataset (test),oos
2947,find engineering programs to apply to,UNKNOWN,CLINC OOS Dataset (test),oos
309,what do i have to do to talk to a person,HARD_QUESTION,Bitext Customer Support Intent Dataset,category=CONTACT; intent=contact_human_agent
73,you are a winner you have been specially selected to receive cash or a award. speak to a live operator to claim call am-pm. cost p,SPAM,UCI SMS Spam Collection,spam
3101,"urgent -call from landline. your complimentary ibiza holiday or , cash await collection sae tcs po box sk wp ppm",SPAM,UCI SMS Spam Collection,spam
2652,can you tell me how to get gum out of my rug,UNKNOWN,CLINC OOS Dataset (test),oos
3142,is it possible to chcek the termination charges?,FAQ,Bitext Customer Support Intent Dataset,category=CANCEL; intent=check_cancellation_fee
10,what stores are in the local mall,UNKNOWN,CLINC OOS Dataset (test),oos
2267,help to check in which cases can i erquest my money back,ACCOUNT_OPS,Bitext Customer Support Intent Dataset,category=REFUND; intent=check_refund_policy
766,need help to file a consumer claim,FAQ,Bitext Customer Support Intent Dataset,category=FEEDBACK; intent=complaint
468,i don't know what i have to do to download bill,ACCOUNT_OPS,Bitext Customer Support Intent Dataset,category=INVOICE; intent=get_invoice
1154,what do i have to do to speak with a damn operator?,HARD_QUESTION,Bitext Customer Support Intent Dataset,category=CONTACT; intent=contact_human_agent
1215,is it possible to notify of signup problems?,FAQ,Bitext Customer Support Intent Dataset,category=ACCOUNT; intent=registration_problems
883,can you help me to talk with a damn live agent?,HARD_QUESTION,Bitext Customer Support Intent Dataset,category=CONTACT; intent=contact_human_agent
1628,"i can no longer afford order , can i cancel it?",ACCOUNT_OPS,Bitext Customer Support Intent Dataset,category=ORDER; intent=cancel_order
97,why can't you divide by zero,UNKNOWN,CLINC OOS Dataset (train),oos
722,have a question about the deletion of my account,FAQ,Bitext Customer Support Intent Dataset,category=ACCOUNT; intent=delete_account
1302,find out what gentlemen are wearing to weddings these days,UNKNOWN,CLINC OOS Dataset (test),oos
1794,what time did i get the last text message i received,UNKNOWN,CLINC OOS Dataset (test),oos
2597,find out what the maximum memory size is that i can buy in a dvd,UNKNOWN,CLINC OOS Dataset (test),oos
3113,lodge reclamation,FAQ,Bitext Customer Support Intent Dataset,category=FEEDBACK; intent=complaint
1432,help to check in which cases can i request my money back,ACCOUNT_OPS,Bitext Customer Support Intent Dataset,category=REFUND; intent=check_refund_policy
746,"congrats! mobile g videophones r yours. call now! videochat wid ur mates, play java games, dload polyh music, noline rentl. bx. ip. we. pm",SPAM,UCI SMS Spam Collection,spam
3272,how can i contact a live agent,HARD_QUESTION,Bitext Customer Support Intent Dataset,category=CONTACT; intent=contact_human_agent
1031,"new mobiles from , must go! txt: nokia to no: collect yours today!from only optout .gbp/mtmsg",SPAM,UCI SMS Spam Collection,spam
1257,"download as many ringtones as u like no restrictions, s choose. u can even send yr buddys. txt sir to",SPAM,UCI SMS Spam Collection,spam
3037,hi if ur lookin saucy daytime fun wiv busty married woman am free all next week chat now sort time janinexx calls/minmobsmorelkpoboxhpfl,SPAM,UCI SMS Spam Collection,spam
3403,i dont know what i have to do to lodge a consumer complaint,FAQ,Bitext Customer Support Intent Dataset,category=FEEDBACK; intent=complaint
696,problems with a delivery address modification,FAQ,Bitext Customer Support Intent Dataset,category=SHIPPING; intent=change_shipping_address
2788,find out which museum houses the most post modern art in new york state,UNKNOWN,CLINC OOS Dataset (test),oos
1775,"the experience with you has been bad, make a reclamation",FAQ,Bitext Customer Support Intent Dataset,category=FEEDBACK; intent=complaint
3379,i don't know what i need to do to download invoice,ACCOUNT_OPS,Bitext Customer Support Intent Dataset,category=INVOICE; intent=get_invoice
976,can you help me to order some items ?,ACCOUNT_OPS,Bitext Customer Support Intent Dataset,category=ORDER; intent=place_order
1711,"you are not being helpful, can i speak to an operator?",HARD_QUESTION,Bitext Customer Support Intent Dataset,category=CONTACT; intent=contact_human_agent
830,please tell me the status of the government shutdown,UNKNOWN,CLINC OOS Dataset (test),oos
594,"sms services. for your inclusive text credits, pls goto login= unsubscribe with stop. no extra charge. help:. po box. ip we",SPAM,UCI SMS Spam Collection,spam
2750,what are the lowest prices of bottled water at costco,UNKNOWN,CLINC OOS Dataset (test),oos
1591,i do not know what i have to do to speak with an operator,HARD_QUESTION,Bitext Customer Support Intent Dataset,category=CONTACT; intent=contact_human_agent
2219,"thanks for your ringtone order, reference t. you will be charged gbp per week. you can unsubscribe at anytime by calling customer services on",SPAM,UCI SMS Spam Collection,spam
2560,compile a list of historical events from the boston marathon,UNKNOWN,CLINC OOS Dataset (test),oos
1088,i don't know how to chat with an operator,HARD_QUESTION,Bitext Customer Support Intent Dataset,category=CONTACT; intent=contact_human_agent
2494,wanna submit a secondary shipping address how can i d it,FAQ,Bitext Customer Support Intent Dataset,category=SHIPPING; intent=set_up_shipping_address
1474,changkng to account,FAQ,Bitext Customer Support Intent Dataset,category=ACCOUNT; intent=switch_account
207,is the earth flat,UNKNOWN,CLINC OOS Dataset (test),oos
784,bloomberg -message center why wait? apply for your future bloomberg.com,SPAM,UCI SMS Spam Collection,spam
2274,help me lodge a consumer claim against ur company,FAQ,Bitext Customer Support Intent Dataset,category=FEEDBACK; intent=complaint
953,i want to find a new car under,UNKNOWN,CLINC OOS Dataset (test),oos
1447,want help trying to correct the address,FAQ,Bitext Customer Support Intent Dataset,category=SHIPPING; intent=change_shipping_address
1771,help me to take a quick look at my bills from,ACCOUNT_OPS,Bitext Customer Support Intent Dataset,category=INVOICE; intent=check_invoice
340,where to make a consumer reclamation,FAQ,Bitext Customer Support Intent Dataset,category=FEEDBACK; intent=complaint
2908,gsoh? good with spam the ladies?u could b a male gigolo? join the uk's fastest growing mens club reply oncall. mjzgroup. .stop reply stop. msg.rcvd,SPAM,UCI SMS Spam Collection,spam
28,"you have won ?, cash or a ?, prize! to claim, call",SPAM,UCI SMS Spam Collection,spam
3092,what's the average gpa to get into yale,UNKNOWN,CLINC OOS Dataset (validation),oos
3198,what do i have to do to contact someone?,HARD_QUESTION,Bitext Customer Support Intent Dataset,category=CONTACT; intent=contact_human_agent
2726,update details on account,FAQ,Bitext Customer Support Intent Dataset,category=ACCOUNT; intent=edit_account
527,i have to see at what time i can contact customer service,HARD_QUESTION,Bitext Customer Support Intent Dataset,category=CONTACT; intent=contact_customer_service
1295,help me see what hours i can call customer support,HARD_QUESTION,Bitext Customer Support Intent Dataset,category=CONTACT; intent=contact_customer_service
1321,find the names of all the rain forests located in south america,UNKNOWN,CLINC OOS Dataset (test),oos
1126,freemsg: hey - i'm buffy. and love to satisfy men. home alone feeling randy. reply c my pix! qlynnbv helpp a msg send stop to stop txts,SPAM,UCI SMS Spam Collection,spam
202,how many ppm of particulate is in my local water,UNKNOWN,CLINC OOS Dataset (test),oos
203,days to euro kickoff! u will be kept informed of all the latest news and results daily. unsubscribe send get euro stop to .,SPAM,UCI SMS Spam Collection,spam
1148,what's a good resource to learn beginner's yoga,UNKNOWN,CLINC OOS Dataset (train),oos
194,what is popular in fashion right now,UNKNOWN,CLINC OOS Dataset (test),oos
1688,u have a secret admirer who is looking make contact with u-find out who they rreveal who thinks ur so special-call on,SPAM,UCI SMS Spam Collection,spam
2805,i don't know what to do to list the accepted payment methods,ACCOUNT_OPS,Bitext Customer Support Intent Dataset,category=PAYMENT; intent=check_payment_methods
3045,i don't know what to do to chat with an assistant,HARD_QUESTION,Bitext Customer Support Intent Dataset,category=CONTACT; intent=contact_human_agent
589,u have a secret admirer who is looking make contact with u-find out who they rreveal who thinks ur so special-call on,SPAM,UCI SMS Spam Collection,spam
1783,free video camera phones with half price line rental for mths and cross ntwk mins txts. call mobileupd or calloptout/,SPAM,UCI SMS Spam Collection,spam
760,last chance claim ur worth of discount vouchers-text yes to now!savamob-member offers mobile t cs . . sub. . remove txt x or stop,SPAM,UCI SMS Spam Collection,spam
526,i want to check how long it takes for the order to arrive,ACCOUNT_OPS,Bitext Customer Support Intent Dataset,category=DELIVERY; intent=delivery_period
3246,"i don't want to chat with a bot, transfer to me someone",HARD_QUESTION,Bitext Customer Support Intent Dataset,category=CONTACT; intent=contact_human_agent
3357,"i do not understand you, can you help me to contact someone?",HARD_QUESTION,Bitext Customer Support Intent Dataset,category=CONTACT; intent=contact_human_agent
1166,i don't know what to do ti see my invoice from,ACCOUNT_OPS,Bitext Customer Support Intent Dataset,category=INVOICE; intent=check_invoice
30,please activate a wireless hotspot so i can use the internet,UNKNOWN,CLINC OOS Dataset (test),oos
654,i don't know what i need to do to locate the invoice,ACCOUNT_OPS,Bitext Customer Support Intent Dataset,category=INVOICE; intent=check_invoice
2077,latest hair styles for long natural hair,UNKNOWN,CLINC OOS Dataset (test),oos
2293,i am trying to see when will my item arrive,FAQ,Bitext Customer Support Intent Dataset,category=DELIVERY; intent=delivery_period
2470,i want help modifying my shipping address,FAQ,Bitext Customer Support Intent Dataset,category=SHIPPING; intent=change_shipping_address
2208,do you have a free customer assistance phone number?,HARD_QUESTION,Bitext Customer Support Intent Dataset,category=CONTACT; intent=contact_customer_service
467,when will the daffodils bloom this year,UNKNOWN,CLINC OOS Dataset (test),oos
1408,i need help to call damn customer support,HARD_QUESTION,Bitext Customer Support Intent Dataset,category=CONTACT; intent=contact_customer_service
1356,can uhelp me cancelling purchazse,ACCOUNT_OPS,Bitext Customer Support Intent Dataset,category=ORDER; intent=cancel_order
2352,has there been any times when lebron james was arrested,UNKNOWN,CLINC OOS Dataset (test),oos
2366,"six chances to win cash! from to , pounds txt> csh and send to . cost p/day, days, tsandcs apply reply hl info",SPAM,UCI SMS Spam Collection,spam
2445,double mins double txt / price linerental on latest orange bluetooth mobiles. call mobileupd for the very latest offers. or calloptout/lf,SPAM,UCI SMS Spam Collection,spam
1692,mths half price orange line rental latest camera phones free. had your phone mths? call mobilesdirect free on to update now! orstoptxt tcs,SPAM,UCI SMS Spam Collection,spam
3083,i try to speak with customer support,HARD_QUESTION,Bitext Customer Support Intent Dataset,category=CONTACT; intent=contact_customer_service
1310,need help seeing my rebate status,ACCOUNT_OPS,Bitext Customer Support Intent Dataset,category=REFUND; intent=track_refund
2780,urgent! this is the nd attempt to contact u!u have won call b tcsbcmwcnxx.callcostppmmobilesvary. max.,SPAM,UCI SMS Spam Collection,spam
572,is it ok to feed dogs people food,UNKNOWN,CLINC OOS Dataset (test),oos
267,i do not know how i can chat with an assistant,HARD_QUESTION,Bitext Customer Support Intent Dataset,category=CONTACT; intent=contact_human_agent
2026,what do i need to do to earn several of ur item,ACCOUNT_OPS,Bitext Customer Support Intent Dataset,category=ORDER; intent=place_order
660,create new pro account for daughter,FAQ,Bitext Customer Support Intent Dataset,category=ACCOUNT; intent=create_account
3053,"i watched ""were the millers"" on netflix last night",UNKNOWN,CLINC OOS Dataset (test),oos
2119,i want assistance to speak to an operator,HARD_QUESTION,Bitext Customer Support Intent Dataset,category=CONTACT; intent=contact_human_agent
1355,"add mary to my phone plan, please",UNKNOWN,CLINC OOS Dataset (test),oos
1668,i have got to check the damn withdrawal penalty,FAQ,Bitext Customer Support Intent Dataset,category=CANCEL; intent=check_cancellation_fee
39,where can i check at what time i can call customer service?,HARD_QUESTION,Bitext Customer Support Intent Dataset,category=CONTACT; intent=contact_customer_service
1936,i need assistance to open a gold account for my dad,FAQ,Bitext Customer Support Intent Dataset,category=ACCOUNT; intent=create_account
345,can you add a bag to my reservation,UNKNOWN,CLINC OOS Dataset (test),oos
87,and are premium phone services call,SPAM,UCI SMS Spam Collection,spam
339,can i get in touch with customer support,HARD_QUESTION,Bitext Customer Support Intent Dataset,category=CONTACT; intent=contact_customer_service
2775,please call immediately as there is an urgent message waiting for you,SPAM,UCI SMS Spam Collection,spam
20,i don't know what i have to do to speak with an asistant,HARD_QUESTION,Bitext Customer Support Intent Dataset,category=CONTACT; intent=contact_human_agent
1921,want the latest video handset? anytime any network mins? half price line rental? reply or call for delivery tomorrow,SPAM,UCI SMS Spam Collection,spam
2621,i have a questioln about my standard account cancellation,FAQ,Bitext Customer Support Intent Dataset,category=ACCOUNT; intent=delete_account
204,assistance to see purchase status,ACCOUNT_OPS,Bitext Customer Support Intent Dataset,category=ORDER; intent=track_order
3311,need to change order how to do it,ACCOUNT_OPS,Bitext Customer Support Intent Dataset,category=ORDER; intent=change_order
1625,need assistance subscribing to your newsletter,ACCOUNT_OPS,Bitext Customer Support Intent Dataset,category=SUBSCRIPTION; intent=newsletter_subscription
612,urgent! please call from landline. cash or a luxury canary islands holiday await collection. tcs sae po box . mxy. ppm.,SPAM,UCI SMS Spam Collection,spam
1551,do you have a number to get in touch with customer support?,HARD_QUESTION,Bitext Customer Support Intent Dataset,category=CONTACT; intent=contact_customer_service
2337,i do not know what to do to download the invoice,ACCOUNT_OPS,Bitext Customer Support Intent Dataset,category=INVOICE; intent=get_invoice
994,i don't know how i can change to the account,FAQ,Bitext Customer Support Intent Dataset,category=ACCOUNT; intent=switch_account
3321,tell me about personal finance,UNKNOWN,CLINC OOS Dataset (test),oos
2962,as one of our registered subscribers u can enter the draw a g.b. gift voucher by replying with enter. to unsubscribe text stop,SPAM,UCI SMS Spam Collection,spam
891,"my delivery address changed, can you help me editing it?",FAQ,Bitext Customer Support Intent Dataset,category=SHIPPING; intent=change_shipping_address
2871,what is the account number to the internet service i have,UNKNOWN,CLINC OOS Dataset (test),oos
3304,how many calories does doing situps burn,UNKNOWN,CLINC OOS Dataset (test),oos
999,would it be possible to talk with someone?,HARD_QUESTION,Bitext Customer Support Intent Dataset,category=CONTACT; intent=contact_human_agent
36,how do i skip all of the advertisements,UNKNOWN,CLINC OOS Dataset (test),oos
1720,why is there fake news,UNKNOWN,CLINC OOS Dataset (validation),oos
3301,i need help sending some feedback about a service,FAQ,Bitext Customer Support Intent Dataset,category=FEEDBACK; intent=review
504,find information about the deletion of a account,FAQ,Bitext Customer Support Intent Dataset,category=ACCOUNT; intent=delete_account
828,adjust the contrast of the black and white photos,UNKNOWN,CLINC OOS Dataset (test),oos
1517,i do not know what i have to do ot talk to somebody,HARD_QUESTION,Bitext Customer Support Intent Dataset,category=CONTACT; intent=contact_human_agent
1835,what is the distance between the goal posts in football,UNKNOWN,CLINC OOS Dataset (test),oos
610,good luck! draw takes place th feb . good luck! for removal send stop to customer services,SPAM,UCI SMS Spam Collection,spam
2193,"i have to acquire a bloody item, i need assistance",ACCOUNT_OPS,Bitext Customer Support Intent Dataset,category=ORDER; intent=place_order
1051,i need assistance with opening my premium account,FAQ,Bitext Customer Support Intent Dataset,category=ACCOUNT; intent=create_account
1717,"i have to receive the corporate newsletter, how to do it?",ACCOUNT_OPS,Bitext Customer Support Intent Dataset,category=SUBSCRIPTION; intent=newsletter_subscription
486,you won't believe it but it's true. it's incredible txts! reply g now to learn truly amazing things that will blow your mind. from ofwd only p/txt,SPAM,UCI SMS Spam Collection,spam
557,check whatr hours i can call customer support,HARD_QUESTION,Bitext Customer Support Intent Dataset,category=CONTACT; intent=contact_customer_service
1376,"you are not helpful at all, help to speak with an assistant",HARD_QUESTION,Bitext Customer Support Intent Dataset,category=CONTACT; intent=contact_human_agent
2197,how much is my car worth used,UNKNOWN,CLINC OOS Dataset (test),oos
1962,i want to chat with an operator,HARD_QUESTION,Bitext Customer Support Intent Dataset,category=CONTACT; intent=contact_human_agent
1690,assistance to talk to an agent,HARD_QUESTION,Bitext Customer Support Intent Dataset,category=CONTACT; intent=contact_human_agent
350,hmv bonus special pounds of genuine hmv vouchers to be won. just answer easy questions. play now! send hmv to more info:,SPAM,UCI SMS Spam Collection,spam
1856,want help to see ur allowedpayment modalities,ACCOUNT_OPS,Bitext Customer Support Intent Dataset,category=PAYMENT; intent=check_payment_methods
992,"customer service announcement. we recently tried to make a delivery to you but were unable to do so, please call to re-schedule. ref:",SPAM,UCI SMS Spam Collection,spam
2034,new platinum account,FAQ,Bitext Customer Support Intent Dataset,category=ACCOUNT; intent=create_account
3179,where can i check order status?,ACCOUNT_OPS,Bitext Customer Support Intent Dataset,category=ORDER; intent=track_order
1286,where do i see if there are any news on the rebate,ACCOUNT_OPS,Bitext Customer Support Intent Dataset,category=REFUND; intent=track_refund
2020,can ya help me to purchase a few of ur article,ACCOUNT_OPS,Bitext Customer Support Intent Dataset,category=ORDER; intent=place_order
609,information about updating the shipping address,FAQ,Bitext Customer Support Intent Dataset,category=SHIPPING; intent=change_shipping_address
888,want help to sign up to the company newsletter,ACCOUNT_OPS,Bitext Customer Support Intent Dataset,category=SUBSCRIPTION; intent=newsletter_subscription
1079,assistance to give a quick look at bill,ACCOUNT_OPS,Bitext Customer Support Intent Dataset,category=INVOICE; intent=check_invoice
3375,i need help to edit the address,FAQ,Bitext Customer Support Intent Dataset,category=SHIPPING; intent=change_shipping_address
1757,compare the new life growth in trees when the seasons change,UNKNOWN,CLINC OOS Dataset (test),oos
2429,how can i keep my windshield from fogging up in winter,UNKNOWN,CLINC OOS Dataset (validation),oos
176,which nations are not democratic,UNKNOWN,CLINC OOS Dataset (validation),oos
3057,how do i get better at go,UNKNOWN,CLINC OOS Dataset (validation),oos
874,sunshine quiz! win a super sony dvd recorder if you canname the capital of australia? text mquiz to . b,SPAM,UCI SMS Spam Collection,spam
3283,what were indians like years ago,UNKNOWN,CLINC OOS Dataset (test),oos
500,see the damn bills from,ACCOUNT_OPS,Bitext Customer Support Intent Dataset,category=INVOICE; intent=check_invoice
1214,please find the capital of pakistan and its population,UNKNOWN,CLINC OOS Dataset (train),oos
2594,what was the closing number of the nasdaq today,UNKNOWN,CLINC OOS Dataset (test),oos
1152,"i need to swqap something of purchase , help me",ACCOUNT_OPS,Bitext Customer Support Intent Dataset,category=ORDER; intent=change_order
191,what is my current signal strength,UNKNOWN,CLINC OOS Dataset (test),oos
966,what do i need to do to hceck the termination charge,FAQ,Bitext Customer Support Intent Dataset,category=CANCEL; intent=check_cancellation_fee
1512,wanna see how long it usually takes for the order to arrive,ACCOUNT_OPS,Bitext Customer Support Intent Dataset,category=DELIVERY; intent=delivery_period
1386,"i cannot remember my user key, i want to reset it",FAQ,Bitext Customer Support Intent Dataset,category=ACCOUNT; intent=recover_password
1608,see in which situations can i ask for a reimbursement,ACCOUNT_OPS,Bitext Customer Support Intent Dataset,category=REFUND; intent=check_refund_policy
904,todays voda numbers ending are selected to receive a ? award. if you hava a match please call quoting claim code standard rates app,SPAM,UCI SMS Spam Collection,spam
418,when is the next nintendo direct,UNKNOWN,CLINC OOS Dataset (train),oos
2766,"this is the nd time we have tried contact u. u have won the pound prize. claim is easy, call now! only p per min. bt-national-rate",SPAM,UCI SMS Spam Collection,spam
3428,rgent! this is the nd attempt to contact u!u have won call b tcsbcmwcnxx. callcost ppm mobilesvary. max.,SPAM,UCI SMS Spam Collection,spam
494,i try to speak to customer service,HARD_QUESTION,Bitext Customer Support Intent Dataset,category=CONTACT; intent=contact_customer_service
1261,i dont know how i can see ur reimbursement policy,ACCOUNT_OPS,Bitext Customer Support Intent Dataset,category=REFUND; intent=check_refund_policy
725,can you help me seeing the accetped payment methods?,ACCOUNT_OPS,Bitext Customer Support Intent Dataset,category=PAYMENT; intent=check_payment_methods
146,want help to contact an agent,HARD_QUESTION,Bitext Customer Support Intent Dataset,category=CONTACT; intent=contact_human_agent
896,i haqve to see at what time i can contact customer service,HARD_QUESTION,Bitext Customer Support Intent Dataset,category=CONTACT; intent=contact_customer_service
628,we currently have a message awaiting your collection. to collect your message just call .,SPAM,UCI SMS Spam Collection,spam
3035,"you have been selected to stay in of top british hotels - for nothing! holiday worth ! to claim, call london . bx , swss",SPAM,UCI SMS Spam Collection,spam
2482,help me create a account,FAQ,Bitext Customer Support Intent Dataset,category=ACCOUNT; intent=create_account
450,i try to list your accepted payment options,ACCOUNT_OPS,Bitext Customer Support Intent Dataset,category=PAYMENT; intent=check_payment_methods
2465,please give me a listing of all the bottled water brands in the area,UNKNOWN,CLINC OOS Dataset (test),oos
2428,could you help me list your accepted payment modalities?,ACCOUNT_OPS,Bitext Customer Support Intent Dataset,category=PAYMENT; intent=check_payment_methods
1022,where can i get merino wool t-shirts on the internet,UNKNOWN,CLINC OOS Dataset (test),oos
1316,i don't know what i have to do to speak to somebody,HARD_QUESTION,Bitext Customer Support Intent Dataset,category=CONTACT; intent=contact_human_agent
2384,where to create a premium account for my daughter?,FAQ,Bitext Customer Support Intent Dataset,category=ACCOUNT; intent=create_account
1865,there is a trouble entering a secondary shipping addres,FAQ,Bitext Customer Support Intent Dataset,category=SHIPPING; intent=set_up_shipping_address
3042,what's the blue book value of my car,UNKNOWN,CLINC OOS Dataset (test),oos
1619,urgent! we are trying to contact u. todays draw shows that you have won a prize guaranteed. call from land line. claim a. valid hrs only,SPAM,UCI SMS Spam Collection,spam
21,"you are guaranteed the latest nokia phone, a gb ipod mp player or a prize! txt word: collect to no: ! ibhltd ldnwh p/mtmsgrcvd",SPAM,UCI SMS Spam Collection,spam
3232,assistance seeing what hours customer service available is,HARD_QUESTION,Bitext Customer Support Intent Dataset,category=CONTACT; intent=contact_customer_service
2701,wanna chat with a person,HARD_QUESTION,Bitext Customer Support Intent Dataset,category=CONTACT; intent=contact_human_agent
1244,how can i improve my golf swing,UNKNOWN,CLINC OOS Dataset (test),oos
2826,"hi babe its chloe, how r u? i was smashed on saturday night, it was great! how was your weekend? u been missing me? sp visionsms.com text stop to stop p/text",SPAM,UCI SMS Spam Collection,spam
1324,can you help me to speak with customer support?,HARD_QUESTION,Bitext Customer Support Intent Dataset,category=CONTACT; intent=contact_customer_service
2224,"i have to talk with customer support, i need help",HARD_QUESTION,Bitext Customer Support Intent Dataset,category=CONTACT; intent=contact_customer_service
436,you will be receiving this week's triple echo ringtone shortly. enjoy it!,SPAM,UCI SMS Spam Collection,spam
642,"urgent. important information for user. today is your lucky day! find out why , log onto there is a fantastic surprise awaiting you !",SPAM,UCI SMS Spam Collection,spam
1627,what is my checking account number,UNKNOWN,CLINC OOS Dataset (test),oos
2331,i want to talk to a goddamn human agent,HARD_QUESTION,Bitext Customer Support Intent Dataset,category=CONTACT; intent=contact_human_agent
1704,is it possible to download my invoice from,ACCOUNT_OPS,Bitext Customer Support Intent Dataset,category=INVOICE; intent=get_invoice
2324,i want help to check the early termination charge,FAQ,Bitext Customer Support Intent Dataset,category=CANCEL; intent=check_cancellation_fee
2558,can you tell me when the bank closes,UNKNOWN,CLINC OOS Dataset (train),oos
1489,how many students attend ucsb,UNKNOWN,CLINC OOS Dataset (train),oos
1481,let me know where jim is right now,UNKNOWN,CLINC OOS Dataset (test),oos
1972,where could i notify of a problem with payment?,ACCOUNT_OPS,Bitext Customer Support Intent Dataset,category=PAYMENT; intent=payment_issue
1201,i don't know how i can receive reimbursements of money,ACCOUNT_OPS,Bitext Customer Support Intent Dataset,category=REFUND; intent=get_refund
1282,todays vodafone numbers ending with are selected to a receive a award. if your number matches call to receive your award.,SPAM,UCI SMS Spam Collection,spam
3052,dating service cal;l boxskch,SPAM,UCI SMS Spam Collection,spam
3084,i want assistance speaking with an assistant,HARD_QUESTION,Bitext Customer Support Intent Dataset,category=CONTACT; intent=contact_human_agent
266,can you store a gun in a safe deposit box,UNKNOWN,CLINC OOS Dataset (test),oos
386,i need assistanc chatting with a live agent,HARD_QUESTION,Bitext Customer Support Intent Dataset,category=CONTACT; intent=contact_human_agent
229,want assistance recovering my account pin code,FAQ,Bitext Customer Support Intent Dataset,category=ACCOUNT; intent=recover_password
2235,contact a human agent,HARD_QUESTION,Bitext Customer Support Intent Dataset,category=CONTACT; intent=contact_human_agent
2710,i dont know how i can contact customer assistance,HARD_QUESTION,Bitext Customer Support Intent Dataset,category=CONTACT; intent=contact_customer_service
986,"someone u know has asked our dating service contact you! cant guess who? call now all will be revealed. pobox , lshb p",SPAM,UCI SMS Spam Collection,spam
3034,what do you do if your year old just ate playdoh,UNKNOWN,CLINC OOS Dataset (test),oos
2459,i don't know what to do to contact a live agent,HARD_QUESTION,Bitext Customer Support Intent Dataset,category=CONTACT; intent=contact_human_agent
2086,how much for a samurai sword,UNKNOWN,CLINC OOS Dataset (test),oos
3256,i try to see at what time customer support available is,HARD_QUESTION,Bitext Customer Support Intent Dataset,category=CONTACT; intent=contact_customer_service
2964,how to create a account,FAQ,Bitext Customer Support Intent Dataset,category=ACCOUNT; intent=create_account
363,"u were outbid by simonwatson on the shinco dvd plyr. bid again, visit sms. ac/smsrewards end bid notifications, reply end out",SPAM,UCI SMS Spam Collection,spam
972,i do not know how i can download my invoices from,ACCOUNT_OPS,Bitext Customer Support Intent Dataset,category=INVOICE; intent=get_invoice
2647,will you direct to me someone?,HARD_QUESTION,Bitext Customer Support Intent Dataset,category=CONTACT; intent=contact_human_agent
1702,i need help to demand a rebate of my money,ACCOUNT_OPS,Bitext Customer Support Intent Dataset,category=REFUND; intent=get_refund
774,i want help leaving a comment about ur company,FAQ,Bitext Customer Support Intent Dataset,category=FEEDBACK; intent=review
861,p alfie moon's children in need song on ur mob. tell ur ms. txt tone charity to for nokias or poly charity for polys :zed profit charity,SPAM,UCI SMS Spam Collection,spam
1887,i do not know what i have to do to locate invoice,ACCOUNT_OPS,Bitext Customer Support Intent Dataset,category=INVOICE; intent=check_invoice
2251,"i have to speak to customer service , can i get some help?",HARD_QUESTION,Bitext Customer Support Intent Dataset,category=CONTACT; intent=contact_customer_service
1118,i want help to submit the new delivery address,FAQ,Bitext Customer Support Intent Dataset,category=SHIPPING; intent=set_up_shipping_address
1242,what time does my ex-boss leave the office,UNKNOWN,CLINC OOS Dataset (test),oos
502,what is the best way to kill microbes,UNKNOWN,CLINC OOS Dataset (test),oos
2963,assistance to talk to customer service,HARD_QUESTION,Bitext Customer Support Intent Dataset,category=CONTACT; intent=contact_customer_service
783,xmas iscoming ur awarded either cd gift vouchers free entry r weekly draw txt music to tnc,SPAM,UCI SMS Spam Collection,spam
2822,is it possible to contactr a person,HARD_QUESTION,Bitext Customer Support Intent Dataset,category=CONTACT; intent=contact_human_agent
1055,congratulations ur awarded either of cd gift vouchers free entry our weekly draw txt music to tncs,SPAM,UCI SMS Spam Collection,spam
544,"i need to retrieve my user pin, could you help me?",FAQ,Bitext Customer Support Intent Dataset,category=ACCOUNT; intent=recover_password
1844,need to check how long it takes for the parcel to arrive,FAQ,Bitext Customer Support Intent Dataset,category=DELIVERY; intent=delivery_period
2607,when was the last time the president visited floridau,UNKNOWN,CLINC OOS Dataset (validation),oos
1853,i'm waiting for a damn refund of,ACCOUNT_OPS,Bitext Customer Support Intent Dataset,category=REFUND; intent=track_refund
2149,i have to see what payment options are allowed,ACCOUNT_OPS,Bitext Customer Support Intent Dataset,category=PAYMENT; intent=check_payment_methods
2242,"you are not helpful at all, help me to chat with somebody",HARD_QUESTION,Bitext Customer Support Intent Dataset,category=CONTACT; intent=contact_human_agent
2956,assistance to speak with an agent,HARD_QUESTION,Bitext Customer Support Intent Dataset,category=CONTACT; intent=contact_human_agent
2824,can ya help me to see what shipment options i have,FAQ,Bitext Customer Support Intent Dataset,category=DELIVERY; intent=delivery_options
3435,i do not know how to get in touch with customer service,HARD_QUESTION,Bitext Customer Support Intent Dataset,category=CONTACT; intent=contact_customer_service
1469,help me to contact an ooperator,HARD_QUESTION,Bitext Customer Support Intent Dataset,category=CONTACT; intent=contact_human_agent
2440,i want help notifying of a payment problem,ACCOUNT_OPS,Bitext Customer Support Intent Dataset,category=PAYMENT; intent=payment_issue
3365,we tried to contact you re our offer of new video phone anytime any network mins half price rental camcorder call or reply for delivery wed,SPAM,UCI SMS Spam Collection,spam
639,ur awarded a city break and could win a summer shopping spree every wk. txt store to .skilgme.tscswinawk!age.perwksub,SPAM,UCI SMS Spam Collection,spam
669,private! your account statement for shows un-redeemed s.i.m. points. call identifier code expires //,SPAM,UCI SMS Spam Collection,spam
2064,can you check my voicemail,UNKNOWN,CLINC OOS Dataset (test),oos
2448,can you help me speaking with a human agent ?,HARD_QUESTION,Bitext Customer Support Intent Dataset,category=CONTACT; intent=contact_human_agent
1265,can you help me speaking with customer service?,HARD_QUESTION,Bitext Customer Support Intent Dataset,category=CONTACT; intent=contact_customer_service
1346,"for ur chance to win a wkly shopping spree txt: shop to . t'sc's custcare , xp/wk",SPAM,UCI SMS Spam Collection,spam
3414,how many people live in vermillion,UNKNOWN,CLINC OOS Dataset (test),oos
2832,look up website on container gardening,UNKNOWN,CLINC OOS Dataset (test),oos
826,help to remove several articles from purchase,ACCOUNT_OPS,Bitext Customer Support Intent Dataset,category=ORDER; intent=change_order
3033,look for my invoice from,ACCOUNT_OPS,Bitext Customer Support Intent Dataset,category=INVOICE; intent=check_invoice
1460,i want assistance to talk to a human agent,HARD_QUESTION,Bitext Customer Support Intent Dataset,category=CONTACT; intent=contact_human_agent
393,what's the alma mater of the man that started youtube,UNKNOWN,CLINC OOS Dataset (train),oos
3355,where can i find cheap rental skis nearby,UNKNOWN,CLINC OOS Dataset (test),oos
1048,what cryptocurrency gained the most in,UNKNOWN,CLINC OOS Dataset (validation),oos
853,i need help to check what hours i can call customer service,HARD_QUESTION,Bitext Customer Support Intent Dataset,category=CONTACT; intent=contact_customer_service
1510,help to contact an agent,HARD_QUESTION,Bitext Customer Support Intent Dataset,category=CONTACT; intent=contact_human_agent
2320,free entry in a weekly comp for a chance to win an ipod. txt pod to to get entry (std txt rate) tc's apply for details,SPAM,UCI SMS Spam Collection,spam
2504,ever thought about living a good life with a perfect partner? just txt back name and age to join the mobile community. (p/sms),SPAM,UCI SMS Spam Collection,spam
2481,i want assistance contacting someone,HARD_QUESTION,Bitext Customer Support Intent Dataset,category=CONTACT; intent=contact_human_agent
1586,i want assistance acquiring several of your product,ACCOUNT_OPS,Bitext Customer Support Intent Dataset,category=ORDER; intent=place_order
177,i need help to speak with a live agent,HARD_QUESTION,Bitext Customer Support Intent Dataset,category=CONTACT; intent=contact_human_agent
2746,"i paid for an item, help me receive my money back",ACCOUNT_OPS,Bitext Customer Support Intent Dataset,category=REFUND; intent=get_refund
14,help to reset my user account pin,FAQ,Bitext Customer Support Intent Dataset,category=ACCOUNT; intent=recover_password
1270,help seeing what hours i can call customer support,HARD_QUESTION,Bitext Customer Support Intent Dataset,category=CONTACT; intent=contact_customer_service
188,how can i speak to anoperator,HARD_QUESTION,Bitext Customer Support Intent Dataset,category=CONTACT; intent=contact_human_agent
713,"i need to find work, help me connect to a local business through linkedin",UNKNOWN,CLINC OOS Dataset (test),oos
3061,"hi there, nights ur lucky night! uve been invited xchat, the uks wildest chat! txt chat to now! p/msgrcvdhg/suite/lands/row/wjhl ldn yrs",SPAM,UCI SMS Spam Collection,spam
2989,i try to check in what cases can i request to be reimbursed,ACCOUNT_OPS,Bitext Customer Support Intent Dataset,category=REFUND; intent=check_refund_policy
4,need help seeing what hours i can contact customer service,HARD_QUESTION,Bitext Customer Support Intent Dataset,category=CONTACT; intent=contact_customer_service
2276,how many people fall victim to internet scams per year,UNKNOWN,CLINC OOS Dataset (train),oos
54,i don't knpw how to report payment issues,ACCOUNT_OPS,Bitext Customer Support Intent Dataset,category=PAYMENT; intent=payment_issue
2889,"congrats! mobile g videophones r yours. call now! videochat wid your mates, play java games, dload polyph music, noline rentl.",SPAM,UCI SMS Spam Collection,spam
1281,"urgent! your mobile no xxxxxxxxx won a , bonus caller prize on //! this is the nd attempt to reach you! call asap!",SPAM,UCI SMS Spam Collection,spam
2740,i am tryign to inform of an error with a registration,FAQ,Bitext Customer Support Intent Dataset,category=ACCOUNT; intent=registration_problems
2355,want help to use the account,FAQ,Bitext Customer Support Intent Dataset,category=ACCOUNT; intent=switch_account
721,dear voucher holder claim your st class airport lounge passes when using your holiday voucher call . when booking quote st class x,SPAM,UCI SMS Spam Collection,spam
1071,i do not know how to retrieve the pass of my user,FAQ,Bitext Customer Support Intent Dataset,category=ACCOUNT; intent=recover_password
1151,is it possible to see the bills from ?,ACCOUNT_OPS,Bitext Customer Support Intent Dataset,category=INVOICE; intent=check_invoice
2943,i want toleave an opinion for a service,FAQ,Bitext Customer Support Intent Dataset,category=FEEDBACK; intent=review
148,i need help speaking to somebody,HARD_QUESTION,Bitext Customer Support Intent Dataset,category=CONTACT; intent=contact_human_agent
2968,is there a video-on-demand function (vod),UNKNOWN,CLINC OOS Dataset (train),oos
3188,private! your account statement for <fone no> shows un-redeemed s. i. m. points. call identifier code: expires //,SPAM,UCI SMS Spam Collection,spam
1804,"spook up your mob with a halloween collection of a logo pic message plus a free eerie tone, txt card spook to zed p per logo/pic",SPAM,UCI SMS Spam Collection,spam
2608,"the payment failed, where do i notify of errors?",ACCOUNT_OPS,Bitext Customer Support Intent Dataset,category=PAYMENT; intent=payment_issue
924,want help to acquire several of your product,ACCOUNT_OPS,Bitext Customer Support Intent Dataset,category=ORDER; intent=place_order
604,assistance to file a claim,FAQ,Bitext Customer Support Intent Dataset,category=FEEDBACK; intent=complaint
2305,"freemsg you have been awarded a free mini digital camera, just reply snap to collect your prize! (quizclub opt out? stop p/wk sp:rwm ph:)",SPAM,UCI SMS Spam Collection,spam
2358,wanna deit order,ACCOUNT_OPS,Bitext Customer Support Intent Dataset,category=ORDER; intent=change_order
1623,want assistance talking with somebody,HARD_QUESTION,Bitext Customer Support Intent Dataset,category=CONTACT; intent=contact_human_agent
1903,i do not know what i have to do to speak with a damn agent,HARD_QUESTION,Bitext Customer Support Intent Dataset,category=CONTACT; intent=contact_human_agent
646,what big news happened over the weekend,UNKNOWN,CLINC OOS Dataset (test),oos
852,your account for xxxxxxxxx shows unredeemed points. to claim call identifier code: xxxxx expires ..,SPAM,UCI SMS Spam Collection,spam
1381,i need assistance to correct the delivery address,FAQ,Bitext Customer Support Intent Dataset,category=SHIPPING; intent=change_shipping_address
1965,wanna check what payment methods uaccept,ACCOUNT_OPS,Bitext Customer Support Intent Dataset,category=PAYMENT; intent=check_payment_methods
173,speak with human agent,HARD_QUESTION,Bitext Customer Support Intent Dataset,category=CONTACT; intent=contact_human_agent
2785,can you dim the brightness of my screen,UNKNOWN,CLINC OOS Dataset (test),oos
8,"eerie nokia tones u, rply tone title to eg tone dracula to titles: ghost, addamsfa, munsters, exorcist, twilight poboxwwq p",SPAM,UCI SMS Spam Collection,spam
843,tell me the price of bananas at whole foods this week,UNKNOWN,CLINC OOS Dataset (test),oos
288,i am hot n horny and willing i live local to you - text a reply to hear strt back from me p per msg netcollex ltdhelpdesk: reply stop to end,SPAM,UCI SMS Spam Collection,spam
2928,"i need to leave some feedback, can i get some help?",FAQ,Bitext Customer Support Intent Dataset,category=FEEDBACK; intent=review
1941,cfan you help me speak to customer service?,HARD_QUESTION,Bitext Customer Support Intent Dataset,category=CONTACT; intent=contact_customer_service
532,is it possible to earn something?,ACCOUNT_OPS,Bitext Customer Support Intent Dataset,category=ORDER; intent=place_order
2926,can you help me to check the early exit fees?,FAQ,Bitext Customer Support Intent Dataset,category=CANCEL; intent=check_cancellation_fee
1054,chnge data on pro account,FAQ,Bitext Customer Support Intent Dataset,category=ACCOUNT; intent=edit_account
3344,i need to add a person to my bank account,UNKNOWN,CLINC OOS Dataset (test),oos
2651,am i connected to wifi,UNKNOWN,CLINC OOS Dataset (test),oos
1134,"i have to contact customer support, help me",HARD_QUESTION,Bitext Customer Support Intent Dataset,category=CONTACT; intent=contact_customer_service
3385,remind me what my weight loss goals are,UNKNOWN,CLINC OOS Dataset (test),oos
2996,i want help to see ur allowed payment options,ACCOUNT_OPS,Bitext Customer Support Intent Dataset,category=PAYMENT; intent=check_payment_methods
1077,i try to check what shipment methods are there,FAQ,Bitext Customer Support Intent Dataset,category=DELIVERY; intent=delivery_options
3327,help me seeing in which situations can i ask for refunds,ACCOUNT_OPS,Bitext Customer Support Intent Dataset,category=REFUND; intent=check_refund_policy
3156,help to see ur accepted payment emthods,ACCOUNT_OPS,Bitext Customer Support Intent Dataset,category=PAYMENT; intent=check_payment_methods
1326,how can i get in touch with customer support?,HARD_QUESTION,Bitext Customer Support Intent Dataset,category=CONTACT; intent=contact_customer_service
1826,i have to inform of an issje with a sign-up,FAQ,Bitext Customer Support Intent Dataset,category=ACCOUNT; intent=registration_problems
681,"auction round . the highest bid is now . next maximum bid is . to bid, send bids e. g. (to bid ) to . good luck.",SPAM,UCI SMS Spam Collection,spam
3058,tell me where i can get more information on getting a job at the post office,UNKNOWN,CLINC OOS Dataset (test),oos
3189,where can i unsubscribe to your company newsletter?,ACCOUNT_OPS,Bitext Customer Support Intent Dataset,category=SUBSCRIPTION; intent=newsletter_subscription
3176,"tddnewsletteremc.co.uk (more games from thedailydraw) dear helen, dozens of free games - with great prizeswith..",SPAM,UCI SMS Spam Collection,spam
3148,i need assistance to inform of a problem with payments,ACCOUNT_OPS,Bitext Customer Support Intent Dataset,category=PAYMENT; intent=payment_issue
2814,"england v macedonia - dont miss the goals/team news. txt ur national team to eg england to try:wales, scotland txt/ú. poboxoxwwq",SPAM,UCI SMS Spam Collection,spam
3051,edit info on accunt,FAQ,Bitext Customer Support Intent Dataset,category=ACCOUNT; intent=edit_account
138,canceling platinum account,FAQ,Bitext Customer Support Intent Dataset,category=ACCOUNT; intent=delete_account
2557,is it possible to check the early termination charges?,FAQ,Bitext Customer Support Intent Dataset,category=CANCEL; intent=check_cancellation_fee
2379,win urgent! your mobile number has been awarded with a prize guaranteed call from land line. claim valid hrs only ppm,SPAM,UCI SMS Spam Collection,spam
3116,i don't know what to do to call customer service,HARD_QUESTION,Bitext Customer Support Intent Dataset,category=CONTACT; intent=contact_customer_service
1684,free for st week! no nokia tone ur mob every week just txt nokia to get txting and tell ur mates. zed pobox wwq normp/tone,SPAM,UCI SMS Spam Collection,spam
1042,i try to see at what time i can reach customer support,HARD_QUESTION,Bitext Customer Support Intent Dataset,category=CONTACT; intent=contact_customer_service
1171,i have got to see the eta of purchase,ACCOUNT_OPS,Bitext Customer Support Intent Dataset,category=ORDER; intent=track_order
918,help me to make a customer claim,FAQ,Bitext Customer Support Intent Dataset,category=FEEDBACK; intent=complaint
190,look up articles on car washing at home,UNKNOWN,CLINC OOS Dataset (test),oos
3331,can uhelp me taking a quick look at bill,ACCOUNT_OPS,Bitext Customer Support Intent Dataset,category=INVOICE; intent=check_invoice
2535,sms. ac sptv: the new jersey devils and the detroit red wings play ice hockey. correct or incorrect? end? reply end sptv,SPAM,UCI SMS Spam Collection,spam
2990,there is an issue setting up my delivery address,FAQ,Bitext Customer Support Intent Dataset,category=SHIPPING; intent=set_up_shipping_address
1062,i need help to retrieve my pass,FAQ,Bitext Customer Support Intent Dataset,category=ACCOUNT; intent=recover_password
85,i want help to modify purchase,ACCOUNT_OPS,Bitext Customer Support Intent Dataset,category=ORDER; intent=change_order
442,"i am trying to find the shipping period, i need help",FAQ,Bitext Customer Support Intent Dataset,category=DELIVERY; intent=delivery_period
1657,how do i talk with customer support,HARD_QUESTION,Bitext Customer Support Intent Dataset,category=CONTACT; intent=contact_customer_service
710,need to speak to customere assistance,HARD_QUESTION,Bitext Customer Support Intent Dataset,category=CONTACT; intent=contact_customer_service
2248,what does it mean to be an alpha male,UNKNOWN,CLINC OOS Dataset (train),oos
2842,how do i check at what time i can call customer service,HARD_QUESTION,Bitext Customer Support Intent Dataset,category=CONTACT; intent=contact_customer_service
1268,which actors have played more than comic book character,UNKNOWN,CLINC OOS Dataset (test),oos
3316,see at what time i can call customer support,HARD_QUESTION,Bitext Customer Support Intent Dataset,category=CONTACT; intent=contact_customer_service
836,can i check how long it takes for the deilvery to arrive,FAQ,Bitext Customer Support Intent Dataset,category=DELIVERY; intent=delivery_period
2888,want to funk up ur fone with a weekly new tone reply tonesu this text. the original n best. tones gbp network operator rates apply,SPAM,UCI SMS Spam Collection,spam
998,you are a winner you have been specially selected to receive cash or a award. speak to a live operator to claim call am-pm. cost p,SPAM,UCI SMS Spam Collection,spam
1855,sexy singles are waiting for you! text your age followed by your gender as wither m or f e.g.f. for gay men text your age followed by a g. e.g.g.,SPAM,UCI SMS Spam Collection,spam
560,i don't know what to do to contact customer assistance,HARD_QUESTION,Bitext Customer Support Intent Dataset,category=CONTACT; intent=contact_customer_service
1297,help me speak with somebody,HARD_QUESTION,Bitext Customer Support Intent Dataset,category=CONTACT; intent=contact_human_agent
1239,is my computer free from viruses,UNKNOWN,CLINC OOS Dataset (test),oos
316,will you block non-kid friendly shows,UNKNOWN,CLINC OOS Dataset (train),oos
1693,i have got to see what delivery methods you offer,FAQ,Bitext Customer Support Intent Dataset,category=DELIVERY; intent=delivery_options
3029,: kick off a new season with wks free goals news to ur mobile! txt ur club name to eg villa to,SPAM,UCI SMS Spam Collection,spam
1176,sign me up for the slack employment forum,UNKNOWN,CLINC OOS Dataset (test),oos
1485,where can i buy some products?,ACCOUNT_OPS,Bitext Customer Support Intent Dataset,category=ORDER; intent=place_order
1195,i try to check in which cases can i ask for a refund,ACCOUNT_OPS,Bitext Customer Support Intent Dataset,category=REFUND; intent=check_refund_policy
3400,for sale - arsenal dartboard. good condition but no doubles or trebles!,SPAM,UCI SMS Spam Collection,spam
2677,are semitic languages harder to learn than arabic languages,UNKNOWN,CLINC OOS Dataset (train),oos
2776,i want assistance seeing the withdrawal penalties,FAQ,Bitext Customer Support Intent Dataset,category=CANCEL; intent=check_cancellation_fee
2837,get bill fromdavid miller,ACCOUNT_OPS,Bitext Customer Support Intent Dataset,category=INVOICE; intent=get_invoice
2623,i need information about my premium account cancellation,FAQ,Bitext Customer Support Intent Dataset,category=ACCOUNT; intent=delete_account
1429,what's the proper subject verb order in japanese,UNKNOWN,CLINC OOS Dataset (test),oos
17,want assistance contacting customer support,HARD_QUESTION,Bitext Customer Support Intent Dataset,category=CONTACT; intent=contact_customer_service
1479,"our dating service has been asked contact u by someone shy! call now all will be revealed. pobox, m uz p",SPAM,UCI SMS Spam Collection,spam
1993,"i want to speak with customedr assistance, help me",HARD_QUESTION,Bitext Customer Support Intent Dataset,category=CONTACT; intent=contact_customer_service
1799,could i speak to a live agent?,HARD_QUESTION,Bitext Customer Support Intent Dataset,category=CONTACT; intent=contact_human_agent
2729,look up local repair shops that work on vacuum cleaners,UNKNOWN,CLINC OOS Dataset (test),oos
1545,"i need to see in which cases can i request refunds, help me",ACCOUNT_OPS,Bitext Customer Support Intent Dataset,category=REFUND; intent=check_refund_policy
865,well done england! get the official poly ringtone or colour flag on yer mobile! text tone or flag to now! opt-out txt eng stop. box wwx .,SPAM,UCI SMS Spam Collection,spam
3062,i dont know how i can write an opinion for a product,FAQ,Bitext Customer Support Intent Dataset,category=FEEDBACK; intent=review
2921,what brand of earphones is the best reviewed of,UNKNOWN,CLINC OOS Dataset (validation),oos
2662,how to check what hours i can reach customer support?,HARD_QUESTION,Bitext Customer Support Intent Dataset,category=CONTACT; intent=contact_customer_service
1157,help me to lodge a consumer complaint,FAQ,Bitext Customer Support Intent Dataset,category=FEEDBACK; intent=complaint
135,you have won a guaranteed award or even cashto claim ur award call free on () stop getstop on php. rg jx,SPAM,UCI SMS Spam Collection,spam
2284,urgent! please call from landline. your abta complimentary tenerife holiday or cash await collection sae tcs box cwwx ppm,SPAM,UCI SMS Spam Collection,spam
1128,i don't know how i can check my compensation status,ACCOUNT_OPS,Bitext Customer Support Intent Dataset,category=REFUND; intent=track_refund
1796,i want help to download the invoice,ACCOUNT_OPS,Bitext Customer Support Intent Dataset,category=INVOICE; intent=get_invoice
1163,show me how long it takes for the article to arrive,FAQ,Bitext Customer Support Intent Dataset,category=DELIVERY; intent=delivery_period
3368,do you want a new video phone? anytime any network mins inclusive video calls and downloads per week free deltomorrow call or reply now,SPAM,UCI SMS Spam Collection,spam
2563,please call our customer service representative on between am-pm as you have won a guaranteed cash or prize!,SPAM,UCI SMS Spam Collection,spam
1392,i don't know what i need to do to request rebates,ACCOUNT_OPS,Bitext Customer Support Intent Dataset,category=REFUND; intent=get_refund
964,"i have put my old address by mistake, how can i update it?",FAQ,Bitext Customer Support Intent Dataset,category=SHIPPING; intent=change_shipping_address
2617,time my next run at the boston marathon,UNKNOWN,CLINC OOS Dataset (test),oos
2754,i need help checking when my package is gonna arrive,FAQ,Bitext Customer Support Intent Dataset,category=DELIVERY; intent=delivery_period
3261,freemsg: txt: call to no: claim your reward of hours talk time to use from your phone now! subscribegbp/mnth inc hrs stop?txtstop,SPAM,UCI SMS Spam Collection,spam
342,change details on premium account,FAQ,Bitext Customer Support Intent Dataset,category=ACCOUNT; intent=edit_account
1761,contact agent,HARD_QUESTION,Bitext Customer Support Intent Dataset,category=CONTACT; intent=contact_human_agent
663,how can i switch an item of order ?,ACCOUNT_OPS,Bitext Customer Support Intent Dataset,category=ORDER; intent=change_order
1167,help me seeing at what time i can contact customer support,HARD_QUESTION,Bitext Customer Support Intent Dataset,category=CONTACT; intent=contact_customer_service
1433,question about a pin code reset,FAQ,Bitext Customer Support Intent Dataset,category=ACCOUNT; intent=recover_password
1567,can i sign up to the corporate newsletter?,ACCOUNT_OPS,Bitext Customer Support Intent Dataset,category=SUBSCRIPTION; intent=newsletter_subscription
3430,i need assistance to chat with a human agent,HARD_QUESTION,Bitext Customer Support Intent Dataset,category=CONTACT; intent=contact_human_agent
1011,what's the best price on a gray xl ll bean men's parka,UNKNOWN,CLINC OOS Dataset (test),oos
336,what time can i contact customer service?,HARD_QUESTION,Bitext Customer Support Intent Dataset,category=CONTACT; intent=contact_customer_service
3082,what is the official language of romania,UNKNOWN,CLINC OOS Dataset (test),oos
1935,what's the most effective bug repellant,UNKNOWN,CLINC OOS Dataset (train),oos
3165,order me a blue pin stripe suit from saville row,UNKNOWN,CLINC OOS Dataset (test),oos
2707,i have to call customer service,HARD_QUESTION,Bitext Customer Support Intent Dataset,category=CONTACT; intent=contact_customer_service
866,what do i need to do to chat with a human agent ?,HARD_QUESTION,Bitext Customer Support Intent Dataset,category=CONTACT; intent=contact_human_agent
1300,where do i see what hours i can contact customer service?,HARD_QUESTION,Bitext Customer Support Intent Dataset,category=CONTACT; intent=contact_customer_service
1807,"my experience with you was awful, lodge a bloody claim",FAQ,Bitext Customer Support Intent Dataset,category=FEEDBACK; intent=complaint
2912,"for ur chance to win a cash every wk txt: action to . t'sc's custcare , xp/wk.",SPAM,UCI SMS Spam Collection,spam
1017,"thank you, winner notified by sms. good luck! no future marketing reply stop to customer services",SPAM,UCI SMS Spam Collection,spam
3305,"reminder from o: to get . pounds free call credit and details of great offers pls reply this text with your valid name, house no and postcode",SPAM,UCI SMS Spam Collection,spam
2089,i have to edit my delivery address,FAQ,Bitext Customer Support Intent Dataset,category=SHIPPING; intent=change_shipping_address
740,can you tell me what key frank zappa's keep it greasy is in,UNKNOWN,CLINC OOS Dataset (test),oos
989,i do not know what i need to do to talk to customer service,HARD_QUESTION,Bitext Customer Support Intent Dataset,category=CONTACT; intent=contact_customer_service
3427,would you like to see my xxx pics they are so hot they were nearly banned in the uk!,SPAM,UCI SMS Spam Collection,spam
2406,i do not know what i need to do to chat with somebody,HARD_QUESTION,Bitext Customer Support Intent Dataset,category=CONTACT; intent=contact_human_agent
679,i want support modifying the address,FAQ,Bitext Customer Support Intent Dataset,category=SHIPPING; intent=change_shipping_address
181,i have got to call customer service i need help,HARD_QUESTION,Bitext Customer Support Intent Dataset,category=CONTACT; intent=contact_customer_service
279,as a registered subscriber yr draw a gift voucher will b entered on receipt of a correct ans. when are the next olympics. txt ans to,SPAM,UCI SMS Spam Collection,spam
2730,you are a winner u have been specially selected receive or a holiday (flights inc) speak to a live operator claim p/min (),SPAM,UCI SMS Spam Collection,spam
971,buy space invaders a chance win orig arcade game console. press for games arcade (std wap charge) see o.co.uk/games terms settings. no purchase,SPAM,UCI SMS Spam Collection,spam
2106,can you direct to me a human agent?,HARD_QUESTION,Bitext Customer Support Intent Dataset,category=CONTACT; intent=contact_human_agent
3154,i dont know how i could track the rebate,ACCOUNT_OPS,Bitext Customer Support Intent Dataset,category=REFUND; intent=track_refund
2015,do you want a new video phone anytime any network mins text for only five pounds per week call now or reply for delivery tomorrow,SPAM,UCI SMS Spam Collection,spam
2569,what are my hours this week at work,UNKNOWN,CLINC OOS Dataset (test),oos
421,had your mobile mths ? update for free to oranges latest colour camera mobiles unlimited weekend calls. call mobile upd on freefone or stoptx,SPAM,UCI SMS Spam Collection,spam
1588,create accountfor wife,FAQ,Bitext Customer Support Intent Dataset,category=ACCOUNT; intent=create_account
1879,i don't know how i can cotnact somebody,HARD_QUESTION,Bitext Customer Support Intent Dataset,category=CONTACT; intent=contact_human_agent
551,camera - you are awarded a sipix digital camera! call fromm landline. delivery within days.,SPAM,UCI SMS Spam Collection,spam
1427,can you forward this email to my boss,UNKNOWN,CLINC OOS Dataset (train),oos
132,put words on the paper about what you want,UNKNOWN,CLINC OOS Dataset (test),oos
821,see in whnich situations can i request my money back,ACCOUNT_OPS,Bitext Customer Support Intent Dataset,category=REFUND; intent=check_refund_policy
1121,we tried to contact you re your reply to our offer of mins textand a new video phone call now or reply for free delivery tomorrow,SPAM,UCI SMS Spam Collection,spam
3036,i nded assistance to talk to a live agent,HARD_QUESTION,Bitext Customer Support Intent Dataset,category=CONTACT; intent=contact_human_agent
387,what do i need to do to restore my user account access key ?,FAQ,Bitext Customer Support Intent Dataset,category=ACCOUNT; intent=recover_password
2188,i have to get in touch with customer service,HARD_QUESTION,Bitext Customer Support Intent Dataset,category=CONTACT; intent=contact_customer_service
1023,i have to inform of troubles with online payment,ACCOUNT_OPS,Bitext Customer Support Intent Dataset,category=PAYMENT; intent=payment_issue
3438,is it possible to retrieve my account pin?,FAQ,Bitext Customer Support Intent Dataset,category=ACCOUNT; intent=recover_password
2009,get ur st ringtone free now! reply to this msg with tone. gr top tones to your phone every week just . per wk opt out send stop,SPAM,UCI SMS Spam Collection,spam
1605,changing to premium account,FAQ,Bitext Customer Support Intent Dataset,category=ACCOUNT; intent=switch_account
3326,i dont know how to talk to an operator,HARD_QUESTION,Bitext Customer Support Intent Dataset,category=CONTACT; intent=contact_human_agent
1095,urgent! we are trying to contact u. todays draw shows that you have won a prize guaranteed. call from land line. claim . valid hrs only,SPAM,UCI SMS Spam Collection,spam
2085,how to be millionare,UNKNOWN,CLINC OOS Dataset (test),oos
2346,how acn i chat with somebody?,HARD_QUESTION,Bitext Customer Support Intent Dataset,category=CONTACT; intent=contact_human_agent
3226,what do i have to do to talk with bloody customer support?,HARD_QUESTION,Bitext Customer Support Intent Dataset,category=CONTACT; intent=contact_customer_service
1520,i do not know how i can talk to customer support,HARD_QUESTION,Bitext Customer Support Intent Dataset,category=CONTACT; intent=contact_customer_service
558,i try to report an payment error,ACCOUNT_OPS,Bitext Customer Support Intent Dataset,category=PAYMENT; intent=payment_issue
655,how do i stop the beeping noise when my seatbelt is off in my honda civic,UNKNOWN,CLINC OOS Dataset (train),oos
2294,i want information about changing the delivery address,FAQ,Bitext Customer Support Intent Dataset,category=SHIPPING; intent=change_shipping_address
2231,do you want a new video handset? anytime any network mins? half price line rental? camcorder? reply or call for delivery tomorrow,SPAM,UCI SMS Spam Collection,spam
2815,where could i acquire something?,ACCOUNT_OPS,Bitext Customer Support Intent Dataset,category=ORDER; intent=place_order
1821,i want help asking for a reimbursement of my monney,ACCOUNT_OPS,Bitext Customer Support Intent Dataset,category=REFUND; intent=get_refund
117,assistance checking your accepted payment modalities,ACCOUNT_OPS,Bitext Customer Support Intent Dataset,category=PAYMENT; intent=check_payment_methods
435,"i have got to subscribe to your newsletter, help me",ACCOUNT_OPS,Bitext Customer Support Intent Dataset,category=SUBSCRIPTION; intent=newsletter_subscription
879,please call immediately as there is an urgent message waiting for you,SPAM,UCI SMS Spam Collection,spam
1144,i don't know how i can create a account,FAQ,Bitext Customer Support Intent Dataset,category=ACCOUNT; intent=create_account
2812,sms auction - a brand new nokia is up auction today! auction is free join take part! txt nokia to now! hg/suite/lands row/wjhl,SPAM,UCI SMS Spam Collection,spam
1225,find out who is the representative of my district,UNKNOWN,CLINC OOS Dataset (test),oos
2028,this message is free. welcome to the new improved sex dogging club! to unsubscribe from this service reply stop. msgsp only,SPAM,UCI SMS Spam Collection,spam
2257,"sunshine hols. to claim ur med holiday send a stamped self address envelope to drinks on us uk, po box , bray, wicklow, eire. quiz starts saturday! unsub stop",SPAM,UCI SMS Spam Collection,spam
772,ya have a section to send my feedback about ur products,FAQ,Bitext Customer Support Intent Dataset,category=FEEDBACK; intent=review
703,i do not know what to do to check the cancellation penalties,FAQ,Bitext Customer Support Intent Dataset,category=CANCEL; intent=check_cancellation_fee
1934,download bill from,ACCOUNT_OPS,Bitext Customer Support Intent Dataset,category=INVOICE; intent=get_invoice
9,"i want to call customer service, how can i do it?",HARD_QUESTION,Bitext Customer Support Intent Dataset,category=CONTACT; intent=contact_customer_service
1499,do youhave an e-mail address to contact customer service?,HARD_QUESTION,Bitext Customer Support Intent Dataset,category=CONTACT; intent=contact_customer_service
201,show me a cool nintendo switch game,UNKNOWN,CLINC OOS Dataset (test),oos
1765,i have to check what hours customer support available is,HARD_QUESTION,Bitext Customer Support Intent Dataset,category=CONTACT; intent=contact_customer_service
259,could ya help me to check the termination fee,FAQ,Bitext Customer Support Intent Dataset,category=CANCEL; intent=check_cancellation_fee
3378,moby pub quiz.win a high street prize if u know who the new duchess of cornwall will be? txt her first name to .unsub stop . sp arrow,SPAM,UCI SMS Spam Collection,spam
2110,want assistance to acquire an article,ACCOUNT_OPS,Bitext Customer Support Intent Dataset,category=ORDER; intent=place_order
3005,update info on premium account,FAQ,Bitext Customer Support Intent Dataset,category=ACCOUNT; intent=edit_account
3173,i have to cancel the subscription to ur company newsletter,ACCOUNT_OPS,Bitext Customer Support Intent Dataset,category=SUBSCRIPTION; intent=newsletter_subscription
1713,how many dvds do i currently have on file,UNKNOWN,CLINC OOS Dataset (test),oos
723,editdata on standard account,FAQ,Bitext Customer Support Intent Dataset,category=ACCOUNT; intent=edit_account
472,can i speak to customer service,HARD_QUESTION,Bitext Customer Support Intent Dataset,category=CONTACT; intent=contact_customer_service
698,"i want to submit my feedback for your products, help me",FAQ,Bitext Customer Support Intent Dataset,category=FEEDBACK; intent=review
2626,where can i buy new shingles,UNKNOWN,CLINC OOS Dataset (test),oos
1007,it to . your free text messages are valid until december .,SPAM,UCI SMS Spam Collection,spam
1073,"claim a shopping spree, just call now! have you won! mobstorequizppm",SPAM,UCI SMS Spam Collection,spam
1913,at what age can someone get a card,UNKNOWN,CLINC OOS Dataset (test),oos
3322,need assistance cancelling purchase,ACCOUNT_OPS,Bitext Customer Support Intent Dataset,category=ORDER; intent=cancel_order
3071,dear subscriber ur draw gift voucher will b entered on receipt of a correct ans. when was elvis presleys birthday? txt answer to,SPAM,UCI SMS Spam Collection,spam
2693,what movies are available,UNKNOWN,CLINC OOS Dataset (test),oos
3055,want assistance cancelling a account,FAQ,Bitext Customer Support Intent Dataset,category=ACCOUNT; intent=delete_account
919,i call to check when will my article arrive,FAQ,Bitext Customer Support Intent Dataset,category=DELIVERY; intent=delivery_period
2454,is there a section to send feedback about ur services,FAQ,Bitext Customer Support Intent Dataset,category=FEEDBACK; intent=review
156,how many voicemails are currently in my inbox,UNKNOWN,CLINC OOS Dataset (test),oos
1057,problem with cancelling purchase,ACCOUNT_OPS,Bitext Customer Support Intent Dataset,category=ORDER; intent=cancel_order
2958,thanks for the vote. now sing along with the stars with karaoke on your mobile. for a free link just reply with sing now.,SPAM,UCI SMS Spam Collection,spam
2529,i am looking for a suit for work,UNKNOWN,CLINC OOS Dataset (test),oos
402,how much is the new nikon camera,UNKNOWN,CLINC OOS Dataset (test),oos
3309,how to see at what time customer support available is?,HARD_QUESTION,Bitext Customer Support Intent Dataset,category=CONTACT; intent=contact_customer_service
1085,can you help me receive refunds of money?,ACCOUNT_OPS,Bitext Customer Support Intent Dataset,category=REFUND; intent=get_refund
672,have problems with the lost pin code,FAQ,Bitext Customer Support Intent Dataset,category=ACCOUNT; intent=recover_password
2002,need assistance to order some itemsx,ACCOUNT_OPS,Bitext Customer Support Intent Dataset,category=ORDER; intent=place_order
2011,help to check what hours i can reach customer support,HARD_QUESTION,Bitext Customer Support Intent Dataset,category=CONTACT; intent=contact_customer_service
2039,what is slope of an inverted line,UNKNOWN,CLINC OOS Dataset (train),oos
3145,i want help resetting my access key,FAQ,Bitext Customer Support Intent Dataset,category=ACCOUNT; intent=recover_password
3008,assistance to see the accepted payment options,ACCOUNT_OPS,Bitext Customer Support Intent Dataset,category=PAYMENT; intent=check_payment_methods
3324,do ya ship tofinland,FAQ,Bitext Customer Support Intent Dataset,category=DELIVERY; intent=delivery_options
2394,(bank of granite issues strong-buy) explosive pick for our members up over nasdaq symbol cdgt that is a . per..,SPAM,UCI SMS Spam Collection,spam
1320,i am experiencing registration issues,FAQ,Bitext Customer Support Intent Dataset,category=ACCOUNT; intent=registration_problems
293,i cannot speak with a person,HARD_QUESTION,Bitext Customer Support Intent Dataset,category=CONTACT; intent=contact_human_agent
1767,could you help me to speak with an operator?,HARD_QUESTION,Bitext Customer Support Intent Dataset,category=CONTACT; intent=contact_human_agent
1351,help me check in which cases can i request refunds,ACCOUNT_OPS,Bitext Customer Support Intent Dataset,category=REFUND; intent=check_refund_policy
3330,can i check how long it takes for the delivery to arrive?,FAQ,Bitext Customer Support Intent Dataset,category=DELIVERY; intent=delivery_period
2260,can i receive the company newsletter?,ACCOUNT_OPS,Bitext Customer Support Intent Dataset,category=SUBSCRIPTION; intent=newsletter_subscription
1020,natalie (/f) is inviting you to be her friend. reply yes- or no- see her: stop? send stop frnd to,SPAM,UCI SMS Spam Collection,spam
2689,lyricalladie(/f) is inviting you to be her friend. reply yes- or no-. see her: stop? send stop frnd to,SPAM,UCI SMS Spam Collection,spam
2578,can uhelp me to get in touch with customer support,HARD_QUESTION,Bitext Customer Support Intent Dataset,category=CONTACT; intent=contact_customer_service
16,i want help tallking with a human agent,HARD_QUESTION,Bitext Customer Support Intent Dataset,category=CONTACT; intent=contact_human_agent
2498,i need help to see the goddamn allowed payment methods,ACCOUNT_OPS,Bitext Customer Support Intent Dataset,category=PAYMENT; intent=check_payment_methods
2867,"i want to speak to customer service, can you help me?",HARD_QUESTION,Bitext Customer Support Intent Dataset,category=CONTACT; intent=contact_customer_service
491,give me an energy usage breakdown for march,UNKNOWN,CLINC OOS Dataset (test),oos
1982,i try to check what hours i can contact customer support,HARD_QUESTION,Bitext Customer Support Intent Dataset,category=CONTACT; intent=contact_customer_service
531,"pdate_now - double mins and txts on orange tariffs. latest motorola, sonyericsson nokia bluetooth free! call mobileupd on or calloptout/!yhl",SPAM,UCI SMS Spam Collection,spam
3030,tell me how much energy i have consumed so far this year,UNKNOWN,CLINC OOS Dataset (test),oos
3408,when will the government file another antitrust suit against microsoft,UNKNOWN,CLINC OOS Dataset (test),oos
641,"i have to talk to customer support, i need help",HARD_QUESTION,Bitext Customer Support Intent Dataset,category=CONTACT; intent=contact_customer_service
1564,i do not kinow how to contact a person,HARD_QUESTION,Bitext Customer Support Intent Dataset,category=CONTACT; intent=contact_human_agent
1016,want assistance to talk to customer service,HARD_QUESTION,Bitext Customer Support Intent Dataset,category=CONTACT; intent=contact_customer_service
2683,private! your account statement for shows un-redeemed s. i. m. points. call identifier code: expires //,SPAM,UCI SMS Spam Collection,spam
1277,can ya help me talk with a human agent,HARD_QUESTION,Bitext Customer Support Intent Dataset,category=CONTACT; intent=contact_human_agent
3350,you are a winner u have been specially selected receive cash or a holiday (flights inc) speak to a live operator claim,SPAM,UCI SMS Spam Collection,spam
2371,tell me at what time i can reach customer support,HARD_QUESTION,Bitext Customer Support Intent Dataset,category=CONTACT; intent=contact_customer_service
2308,how do i set the time on my tag heuer,UNKNOWN,CLINC OOS Dataset (test),oos
487,"i would like to make a reclamation, how do i do it?",FAQ,Bitext Customer Support Intent Dataset,category=FEEDBACK; intent=complaint
2585,ya have a free number to talk with customer service,HARD_QUESTION,Bitext Customer Support Intent Dataset,category=CONTACT; intent=contact_customer_service
1334,i am trying to chat with somebody,HARD_QUESTION,Bitext Customer Support Intent Dataset,category=CONTACT; intent=contact_human_agent
1461,can you help me to locate the invoice from ?,ACCOUNT_OPS,Bitext Customer Support Intent Dataset,category=INVOICE; intent=check_invoice
2332,want help canceling the corporate newsletter subscription,ACCOUNT_OPS,Bitext Customer Support Intent Dataset,category=SUBSCRIPTION; intent=newsletter_subscription
1729,is it possible to create a accojnt for my daughter?,FAQ,Bitext Customer Support Intent Dataset,category=ACCOUNT; intent=create_account
756,display the song lyrics for me,UNKNOWN,CLINC OOS Dataset (test),oos
1546,when does the stock market update,UNKNOWN,CLINC OOS Dataset (test),oos
817,when will nightwish be touring through my city,UNKNOWN,CLINC OOS Dataset (test),oos
2229,"hello from orange. for month's free access to games, news and sport, plus free texts and photo messages, reply yes. terms apply:",SPAM,UCI SMS Spam Collection,spam
2635,where can i list ur accepted payment methods,ACCOUNT_OPS,Bitext Customer Support Intent Dataset,category=PAYMENT; intent=check_payment_methods
3103,"january male sale! hot gay chat now cheaper, call . national rate from .p/min cheap to .p/min peak! to stop texts call (p/min)",SPAM,UCI SMS Spam Collection,spam
2066,u are subscribed to the best mobile content service in the uk for per ten days until you send stop to . helpline .,SPAM,UCI SMS Spam Collection,spam
2222,we tried to call you re your reply to our sms for a video mobile mins unlimited text free camcorder reply or call now del thurs,SPAM,UCI SMS Spam Collection,spam
197,need assistance speaking to a human agent,HARD_QUESTION,Bitext Customer Support Intent Dataset,category=CONTACT; intent=contact_human_agent
294,where to see the damn termination charges?,FAQ,Bitext Customer Support Intent Dataset,category=CANCEL; intent=check_cancellation_fee
676,what do i have to do to speak with somebody,HARD_QUESTION,Bitext Customer Support Intent Dataset,category=CONTACT; intent=contact_human_agent
1918,i need to see the eta of order,ACCOUNT_OPS,Bitext Customer Support Intent Dataset,category=ORDER; intent=track_order
1015,help me sending my feedback aboutt your services,FAQ,Bitext Customer Support Intent Dataset,category=FEEDBACK; intent=review
846,can you help me talking to customer service ?,HARD_QUESTION,Bitext Customer Support Intent Dataset,category=CONTACT; intent=contact_customer_service
576,reply to win weekly! where will the fifa world cup be held? send stop to to end service,SPAM,UCI SMS Spam Collection,spam
417,is it possible to retrieve the password of my user profile,FAQ,Bitext Customer Support Intent Dataset,category=ACCOUNT; intent=recover_password
11,help me check at what time i can reach customer service,HARD_QUESTION,Bitext Customer Support Intent Dataset,category=CONTACT; intent=contact_customer_service
1159,how do i get perfect alignment with the curb,UNKNOWN,CLINC OOS Dataset (test),oos
2040,gr new service - live sex video chat on your mob - see the sexiest dirtiest girls live on ur phone - details text horny to to cancel send stop to,SPAM,UCI SMS Spam Collection,spam
575,"free msg: get gnarls barkleys ""crazy"" ringtone totally free just reply go to this message right now!",SPAM,UCI SMS Spam Collection,spam
2316,valentines day special! win over in our quiz and take your partner on the trip of a lifetime! send go to now. p/msg rcvd. custcare:.,SPAM,UCI SMS Spam Collection,spam
119,tell me what the longest tributary is in venezuela,UNKNOWN,CLINC OOS Dataset (test),oos
1345,inform me of what microbes are,UNKNOWN,CLINC OOS Dataset (test),oos
2813,i have an issue trying to correct my delivery address,FAQ,Bitext Customer Support Intent Dataset,category=SHIPPING; intent=change_shipping_address
98,ur cash-balance is currently pounds - to maximize ur cash-in now send cash to only p/msg. cc: hg/suite/lands row/wjhl,SPAM,UCI SMS Spam Collection,spam
906,i want information about updating the shipping address,FAQ,Bitext Customer Support Intent Dataset,category=SHIPPING; intent=change_shipping_address
356,wanna see at what time i can reach customer support,HARD_QUESTION,Bitext Customer Support Intent Dataset,category=CONTACT; intent=contact_customer_service
1572,search up someone who plays in a movie,UNKNOWN,CLINC OOS Dataset (test),oos
49,send me bill from,ACCOUNT_OPS,Bitext Customer Support Intent Dataset,category=INVOICE; intent=get_invoice
414,life has never been this much fun and great until you came in. you made it truly special for me. i won't forget you! enjoy one gbp/sms,SPAM,UCI SMS Spam Collection,spam
2097,"as a valued customer, i am pleased to advise you that following recent review of your mob no. you are awarded with a bonus prize, call",SPAM,UCI SMS Spam Collection,spam
175,wanna add some products to order,ACCOUNT_OPS,Bitext Customer Support Intent Dataset,category=ORDER; intent=change_order
1136,give me information about signing up to your newsletter,ACCOUNT_OPS,Bitext Customer Support Intent Dataset,category=SUBSCRIPTION; intent=newsletter_subscription
1027,modify details on account,FAQ,Bitext Customer Support Intent Dataset,category=ACCOUNT; intent=edit_account
2032,i want help to shop several products,ACCOUNT_OPS,Bitext Customer Support Intent Dataset,category=ORDER; intent=place_order
1753,would it be possible to speak to someone?,HARD_QUESTION,Bitext Customer Support Intent Dataset,category=CONTACT; intent=contact_human_agent
816,"i need to talk with customer support, how todo it?",HARD_QUESTION,Bitext Customer Support Intent Dataset,category=CONTACT; intent=contact_customer_service
144,how many kilowatts have i used this month,UNKNOWN,CLINC OOS Dataset (test),oos
2825,how does my current htc phone compare to other android phones,UNKNOWN,CLINC OOS Dataset (test),oos
985,i need help to use the fucking profile,FAQ,Bitext Customer Support Intent Dataset,category=ACCOUNT; intent=switch_account
1296,problems with gold account cancellations,FAQ,Bitext Customer Support Intent Dataset,category=ACCOUNT; intent=delete_account
1184,"i want to see your payment modalities, can i get some help?",ACCOUNT_OPS,Bitext Customer Support Intent Dataset,category=PAYMENT; intent=check_payment_methods
1607,what's a good way to organize my tools in my garage,UNKNOWN,CLINC OOS Dataset (test),oos
2892,can you help me to chat with an operator?,HARD_QUESTION,Bitext Customer Support Intent Dataset,category=CONTACT; intent=contact_human_agent
2455,i am trying to check the allowed payment methods,ACCOUNT_OPS,Bitext Customer Support Intent Dataset,category=PAYMENT; intent=check_payment_methods
2154,i have paid ofr this product i need my money back,ACCOUNT_OPS,Bitext Customer Support Intent Dataset,category=REFUND; intent=get_refund
1678,what movie does it's just a flesh wound come from,UNKNOWN,CLINC OOS Dataset (test),oos
990,can you help me to check how soon can i expect the parcel?,FAQ,Bitext Customer Support Intent Dataset,category=DELIVERY; intent=delivery_period
862,in which situations can i ask for reimbursements?,ACCOUNT_OPS,Bitext Customer Support Intent Dataset,category=REFUND; intent=check_refund_policy
3236,i want help to talk to customer assistance,HARD_QUESTION,Bitext Customer Support Intent Dataset,category=CONTACT; intent=contact_customer_service
362,i do not know what to do to talk with someone,HARD_QUESTION,Bitext Customer Support Intent Dataset,category=CONTACT; intent=contact_human_agent
1732,"this is the nd time we have tried contact u. u have won the pound prize. claim is easy, call now! only p per minute. bt-national-rate.",SPAM,UCI SMS Spam Collection,spam
2738,close freemium account,FAQ,Bitext Customer Support Intent Dataset,category=ACCOUNT; intent=delete_account
2609,how long is winter,UNKNOWN,CLINC OOS Dataset (train),oos
3088,i do not know what to do to chat with an operator,HARD_QUESTION,Bitext Customer Support Intent Dataset,category=CONTACT; intent=contact_human_agent
2402,"you are being contacted by our dating service by someone you know! to find out who it is, call from a land line . poboxwtgp",SPAM,UCI SMS Spam Collection,spam
2503,assistance chatting with a live agent,HARD_QUESTION,Bitext Customer Support Intent Dataset,category=CONTACT; intent=contact_human_agent
1699,"who is the oscar who ""the oscar's"" is named after",UNKNOWN,CLINC OOS Dataset (train),oos
978,i don't know what to do to talk to customer service,HARD_QUESTION,Bitext Customer Support Intent Dataset,category=CONTACT; intent=contact_customer_service
359,network operator. the service is free. for t c's visit .biz,SPAM,UCI SMS Spam Collection,spam
251,search information on how to apply foundation,UNKNOWN,CLINC OOS Dataset (test),oos
764,i need assistance buying a product,ACCOUNT_OPS,Bitext Customer Support Intent Dataset,category=ORDER; intent=place_order
1614,how can i find information about my account removal,FAQ,Bitext Customer Support Intent Dataset,category=ACCOUNT; intent=delete_account
590,how high does my sat score need to be to get into harvard,UNKNOWN,CLINC OOS Dataset (validation),oos
2856,create new bloody account,FAQ,Bitext Customer Support Intent Dataset,category=ACCOUNT; intent=create_account
106,"free ring tone just text ""polys"" to . then every week get a new tone. yrs only ./wk.",SPAM,UCI SMS Spam Collection,spam
484,can you sell stocks for me,UNKNOWN,CLINC OOS Dataset (test),oos
1459,can you group my photos by location,UNKNOWN,CLINC OOS Dataset (test),oos
2781,your next amazing xxx picsfree video will be sent to you enjoy! if one vid is not enough for day text back the keyword picsfree to get the next video.,SPAM,UCI SMS Spam Collection,spam
933,what bills is congress talking about passing or blocking today,UNKNOWN,CLINC OOS Dataset (test),oos
2230,i dont know what i have to do to inform of a sign-up error,FAQ,Bitext Customer Support Intent Dataset,category=ACCOUNT; intent=registration_problems
831,lord of the rings:return of the king in store now!reply lotr by june chance win lotr soundtrack cds stdtxtrate. reply stop to end txts,SPAM,UCI SMS Spam Collection,spam
588,"i do not understand you, i need help to speak with a person",HARD_QUESTION,Bitext Customer Support Intent Dataset,category=CONTACT; intent=contact_human_agent
1247,need help to see what hours i can contact customer support,HARD_QUESTION,Bitext Customer Support Intent Dataset,category=CONTACT; intent=contact_customer_service
1349,i dont know how to see the termination charge,FAQ,Bitext Customer Support Intent Dataset,category=CANCEL; intent=check_cancellation_fee
2718,what's the typical structure for writing a country song,UNKNOWN,CLINC OOS Dataset (train),oos
427,how long should an essay be,UNKNOWN,CLINC OOS Dataset (test),oos
1043,"i haven't signed up yet, help me to create a pro account",FAQ,Bitext Customer Support Intent Dataset,category=ACCOUNT; intent=create_account
311,join the uk's horniest dogging service and u can have sex nite!. just sign up and follow the instructions. txt entry to now! nyt.eca.lp.msgp,SPAM,UCI SMS Spam Collection,spam
1725,does bill gates still have any material participation in the running of microsoft,UNKNOWN,CLINC OOS Dataset (test),oos
1872,santa calling! would your little ones like a call from santa xmas eve? call to book you time. calls.ppm last mins s tc,SPAM,UCI SMS Spam Collection,spam
3195,help to make a consumer complaint against your business,FAQ,Bitext Customer Support Intent Dataset,category=FEEDBACK; intent=complaint
1598,supports changing my address,FAQ,Bitext Customer Support Intent Dataset,category=SHIPPING; intent=change_shipping_address
652,how to take care of the sick,UNKNOWN,CLINC OOS Dataset (test),oos
1600,can you help me speak to a live agent?,HARD_QUESTION,Bitext Customer Support Intent Dataset,category=CONTACT; intent=contact_human_agent
3087,"i want to see your money back guarantee, how could i do it?",ACCOUNT_OPS,Bitext Customer Support Intent Dataset,category=REFUND; intent=check_refund_policy
2756,i need to edit the delivery address,FAQ,Bitext Customer Support Intent Dataset,category=SHIPPING; intent=change_shipping_address
812,"i have to edit the address, i need assistance",FAQ,Bitext Customer Support Intent Dataset,category=SHIPPING; intent=change_shipping_address
2654,show me purchase status,ACCOUNT_OPS,Bitext Customer Support Intent Dataset,category=ORDER; intent=track_order
145,private! your account statement for shows unredeemed bonus points. to claim call identifier code: expires ..,SPAM,UCI SMS Spam Collection,spam
